file name,total_blinks,blink duration (mean),blink duration (max),earlyStage_blinks,midStage_blinks,lateStage_blinks,inter-blink intervals (mean),inter-blink intervals (std),burst counts,mismatch Counts,blink ratio near switch,naturalness score,grid counts per blink (mean),Stress Score,Stress Group,Clusters
gaze_log_20250628_132251.csv,4,0.0967600345611572,0.1234898567199707,2,0,2,20.036853392918903,13.21612417991576,0,20,0.0,0.0,2.5,57,Mid,0
gaze_log_20250627_113942.csv,13,0.089710730772752,0.1113200187683105,1,4,8,5.421695828437805,6.988994510490761,0,49,0.0769230769230769,0.0769230769230769,2.076923076923077,35,Low,0
gaze_log_20250628_151245.csv,27,0.0903685004622848,0.1108801364898681,10,4,13,2.5471034600184512,2.0992695298204103,6,64,0.1111111111111111,0.0864197530864197,2.7777777777777777,44,Low,1
gaze_log_20250628_152604.csv,44,0.2651686126535589,0.8324699401855469,12,9,23,1.6622265106023744,1.1544671401312925,20,456,0.1136363636363636,0.0619834710743801,3.8181818181818175,47,Low,1
gaze_log_20250629_134116.csv,7,0.3099071638924734,0.7092199325561523,2,0,5,10.77858833471934,17.643180380157986,2,187,0.0,0.0,6.0,80,High,2
gaze_log_20250629_141012.csv,9,0.1110355854034423,0.1526198387145996,4,1,4,8.878636240959167,6.875496604820271,0,29,0.1111111111111111,0.1111111111111111,3.2222222222222223,55,Mid,0
gaze_log_20250628_123215.csv,44,0.13615252754905,0.319890022277832,14,13,17,1.5775658141734987,1.6335448584053889,26,466,0.1590909090909091,0.0650826446280991,5.181818181818182,35,Low,1
gaze_log_20250629_153403.csv,7,0.0968743051801409,0.1114401817321777,2,1,4,11.199751694997152,8.176690224541161,0,22,0.1428571428571428,0.1428571428571428,2.4285714285714284,60,High,0
gaze_log_20250629_181948.csv,4,0.0900323987007141,0.1110098361968994,1,2,1,16.355950037638348,8.736048606063433,0,25,0.0,0.0,3.75,57,Mid,0
gaze_log_20250627_130744.csv,13,0.2503653673025278,0.6703698635101318,6,2,5,5.021762510140737,4.671317607833519,1,69,0.0769230769230769,0.0710059171597633,3.230769230769231,55,Mid,2
gaze_log_20250628_125506.csv,5,0.0999241828918457,0.1121702194213867,5,0,0,5.063099980354309,7.95216753269788,2,34,0.0,0.0,3.4,50,Mid,0
gaze_log_20250628_124618.csv,9,0.1591054598490397,0.2635800838470459,5,3,1,6.788752496242523,6.59611065779734,1,402,0.0,0.0,4.555555555555555,58,Mid,0
gaze_log_20250629_120016.csv,3,0.1254435380299886,0.1400001049041748,1,0,2,23.2719749212265,4.123584866523743,0,55,0.0,0.0,3.333333333333333,38,Low,0
gaze_log_20250629_131127.csv,8,0.173522412776947,0.2765300273895263,3,4,1,6.618954249790737,3.9135291526823774,0,39,0.125,0.125,2.125,55,Mid,2
gaze_log_20250627_101809.csv,29,0.1519948449628106,0.3195900917053222,12,4,13,2.5502778632300243,1.1014962713428478,1,98,0.1379310344827586,0.1331747919143876,2.655172413793104,49,Low,1
gaze_log_20250627_133850.csv,38,0.1945639660483912,0.6825897693634033,16,10,12,1.947058104180001,1.5679986641608137,18,87,0.0526315789473684,0.0277008310249307,3.473684210526316,49,Low,1
gaze_log_20250628_123808.csv,12,0.1502766410509745,0.2495701313018798,8,2,2,5.810760021209717,4.407462450540412,0,86,0.0833333333333333,0.0833333333333333,4.916666666666667,48,Low,0
gaze_log_20250628_113920.csv,24,0.1197787821292877,0.1671197414398193,4,7,13,2.824424349743387,2.8531249731581023,9,118,0.1666666666666666,0.1041666666666666,3.625,55,Mid,1
gaze_log_20250628_114901.csv,8,0.1610762774944305,0.3745899200439453,0,2,6,4.823494264057705,7.0581500974932005,4,182,0.125,0.0625,2.375,70,High,2
gaze_log_20250628_171009.csv,22,0.1153527173128995,0.1953299045562744,8,7,7,3.1146280879066106,2.0365211510774217,4,48,0.1363636363636363,0.1115702479338842,3.090909090909091,42,Low,0
gaze_log_20250629_121256.csv,27,0.104289275628549,0.1522901058197021,10,4,13,2.795533849642827,2.333274659603067,4,60,0.074074074074074,0.0631001371742112,3.592592592592593,65,High,1
gaze_log_20250628_103851.csv,4,0.1115074157714843,0.1672298908233642,1,1,2,11.184170007705688,4.647741568547741,0,34,0.25,0.25,3.5,64,High,0
gaze_log_20250629_182927.csv,17,0.1084234995000502,0.166489839553833,9,1,7,4.557426884770393,4.201026838456437,3,162,0.0,0.0,3.411764705882353,58,Mid,0
gaze_log_20250627_172038.csv,9,0.0984022352430555,0.1380300521850586,3,4,2,6.290236264467239,7.715594978043593,0,85,0.0,0.0,4.111111111111111,55,Mid,0
gaze_log_20250628_144058.csv,10,0.1276520013809204,0.235530138015747,4,2,4,6.610047764248318,5.682166235754527,0,30,0.1,0.1,2.3,50,Mid,0
gaze_log_20250627_102118.csv,15,0.1220419883728027,0.2637498378753662,0,4,11,2.981386423110962,3.6539829516139695,8,56,0.0666666666666666,0.0311111111111111,3.333333333333333,58,Mid,0
gaze_log_20250627_131717.csv,25,0.132171983718872,0.4032700061798095,8,9,8,5.38306000828743,10.70101239058242,7,468,0.08,0.0576,3.56,84,High,1
gaze_log_20250628_134829.csv,5,0.1612319946289062,0.1940500736236572,0,1,4,7.197912514209747,2.8696394807326544,0,62,0.0,0.0,5.6,57,Mid,0
gaze_log_20250628_142405.csv,13,0.1472053894629845,0.2494800090789795,4,3,6,4.841701646645864,2.3573632932132496,0,32,0.1538461538461538,0.1538461538461538,4.461538461538462,52,Mid,0
gaze_log_20250629_181231.csv,7,0.0989372049059186,0.1239900588989257,4,3,0,6.859291672706604,5.488130476462343,0,107,0.1428571428571428,0.1428571428571428,3.142857142857143,30,Low,0
gaze_log_20250628_135049.csv,5,0.1083101272583007,0.1384003162384033,2,2,1,10.316235065460203,10.893288358319955,1,90,0.6,0.48,5.8,75,High,0
gaze_log_20250629_134703.csv,4,0.1455399990081787,0.2909700870513916,2,0,2,23.26411994298299,28.14553012532299,0,24,0.0,0.0,3.25,32,Low,0
gaze_log_20250629_111554.csv,10,0.2540779829025268,0.8084900379180908,3,1,6,4.661663320329454,4.451853479509693,2,202,0.0,0.0,4.9,51,Mid,2
gaze_log_20250628_143120.csv,12,0.1027658383051554,0.2083797454833984,5,3,4,6.204642729325728,6.556620043201134,2,63,0.0,0.0,3.333333333333333,47,Low,0
gaze_log_20250627_182251.csv,7,0.0930356298174176,0.1101598739624023,2,4,1,9.718439976374308,8.479422553703108,0,81,0.1428571428571428,0.1428571428571428,4.714285714285714,49,Low,0
gaze_log_20250629_124909.csv,3,0.2311299641927083,0.4999098777770996,3,0,0,9.95994997024536,9.20857000350952,0,23,0.0,0.0,2.0,40,Low,2
gaze_log_20250627_170204.csv,11,0.0993754213506525,0.1377999782562255,8,2,1,5.155857014656067,6.101086430168807,2,73,0.0909090909090909,0.0743801652892562,4.363636363636363,51,Mid,0
gaze_log_20250627_143802.csv,12,0.1178066531817118,0.166759967803955,4,2,6,5.950012748891657,2.9727427582707544,0,17,0.1666666666666666,0.1666666666666666,3.083333333333333,29,Low,0
gaze_log_20250627_143157.csv,18,0.2010688251919216,0.5564298629760742,5,6,7,3.5158070536220776,3.019731335544514,4,277,0.1111111111111111,0.0864197530864197,3.333333333333333,60,High,2
gaze_log_20250627_162833.csv,26,0.2350064791165865,0.5416500568389893,10,4,12,2.775063199996948,1.4255016269043268,2,319,0.1153846153846153,0.1065088757396449,3.230769230769231,56,Mid,2
gaze_log_20250628_153053.csv,47,0.1134676882561216,0.236379861831665,15,10,22,1.605192832324816,1.1213507562381788,23,156,0.1063829787234042,0.0543232231779085,3.9574468085106393,49,Low,1
gaze_log_20250628_140946.csv,41,0.1123024545064786,0.2078602313995361,16,13,12,1.829279500246048,1.4460862360439717,24,111,0.1219512195121951,0.0505651397977394,3.902439024390244,54,Mid,1
gaze_log_20250628_120902.csv,5,0.1000880718231201,0.1242601871490478,3,1,1,9.653022408485413,9.061355186195186,0,22,0.0,0.0,3.8,70,High,0
gaze_log_20250625_124144.csv,17,0.1653711936053107,0.7044899463653564,9,3,5,4.604327499866486,3.713046549037731,2,278,0.1176470588235294,0.1038062283737024,4.235294117647059,36,Low,2
gaze_log_20250628_152833.csv,14,0.1009371110371181,0.1250998973846435,0,6,8,3.2320638436537523,3.869349008703983,4,47,0.0,0.0,2.9285714285714284,53,Mid,0
gaze_log_20250629_113426.csv,3,0.0885068575541178,0.097170352935791,2,1,0,9.750105023384094,1.14822518825531,0,59,0.0,0.0,1.6666666666666667,31,Low,0
gaze_log_20250628_165331.csv,10,0.0957730293273925,0.1938800811767578,4,3,3,4.933976676728991,2.7135926367729337,0,73,0.0,0.0,2.9,66,High,0
gaze_log_20250627_170946.csv,12,0.0889641245206197,0.11080002784729,5,3,4,6.289255423979326,3.64182396958552,0,73,0.0833333333333333,0.0833333333333333,2.25,52,Mid,0
gaze_log_20250627_171319.csv,3,0.0925132433573405,0.0974998474121093,0,3,0,1.0900901556015017,0.1173499822616577,1,56,0.0,0.0,5.0,55,Mid,0
gaze_log_20250625_113412.csv,14,0.0969285454068865,0.111069917678833,4,4,6,5.643395387209379,5.649106666289697,0,251,0.0714285714285714,0.0714285714285714,2.2857142857142856,56,Mid,0
gaze_log_20250628_170001.csv,19,0.0911737115759598,0.1240098476409912,5,2,12,4.069552222887675,3.9595376290303066,4,98,0.0,0.0,3.3157894736842106,45,Low,0
gaze_log_20250627_170504.csv,28,0.1055053557668413,0.1791601181030273,23,2,3,2.519751848997893,3.826409919561697,13,244,0.1428571428571428,0.0765306122448979,4.714285714285714,40,Low,1
gaze_log_20250627_140955.csv,22,0.1171931461854414,0.1937501430511474,7,5,10,3.4948071525210427,1.6144022569563845,0,68,0.1363636363636363,0.1363636363636363,3.954545454545455,56,Mid,0
gaze_log_20250629_180611.csv,16,0.1457175314426422,0.2501001358032226,4,4,8,4.636296002070109,3.3848913099070805,0,37,0.0625,0.0625,4.0625,60,High,0
gaze_log_20250629_144647.csv,9,0.0874933666653103,0.0973501205444336,3,1,5,7.126653730869293,4.843432908609191,0,95,0.2222222222222222,0.2222222222222222,3.4444444444444446,64,High,0
gaze_log_20250627_142158.csv,28,0.1037956646510532,0.151900053024292,14,5,9,2.682768141781842,1.668623570730913,2,132,0.0714285714285714,0.0663265306122449,4.071428571428571,64,High,1
gaze_log_20250629_152756.csv,4,0.0863950252532959,0.0971701145172119,2,0,2,20.87161668141683,10.12190624845921,0,24,0.0,0.0,1.75,50,Mid,0
gaze_log_20250629_191047.csv,18,0.1127105553944905,0.2637300491333008,9,2,7,4.228131168028888,3.062324651706075,1,113,0.0555555555555555,0.0524691358024691,3.6666666666666665,67,High,0
gaze_log_20250628_135616.csv,13,0.1056246757507324,0.1941702365875244,7,5,1,5.346594174702962,6.81373317721771,3,94,0.0,0.0,2.4615384615384617,53,Mid,0
gaze_log_20250628_143838.csv,24,0.1051962971687316,0.1662800312042236,17,5,2,2.513856525006501,2.898342225702846,10,78,0.2083333333333333,0.1215277777777777,2.5416666666666665,34,Low,1
gaze_log_20250629_151129.csv,21,0.095679033370245,0.1229398250579834,10,6,5,2.486298501491546,2.6448593678499237,9,234,0.0476190476190476,0.0272108843537414,4.714285714285714,63,High,1
gaze_log_20250628_110253.csv,41,0.1042236118781857,0.1523101329803466,14,6,21,1.725140243768692,1.4627838642054634,21,77,0.1463414634146341,0.0713860797144556,2.902439024390244,44,Low,1
gaze_log_20250627_172851.csv,33,0.1594042561270973,0.4292001724243164,12,8,13,2.198860622942448,1.0164018947616964,6,33,0.0909090909090909,0.0743801652892562,3.4545454545454546,67,High,1
gaze_log_20250627_125710.csv,11,0.1064500158483331,0.1533801555633545,4,2,5,6.9087810039520265,6.73837835802845,0,43,0.0909090909090909,0.0909090909090909,3.4545454545454546,58,Mid,0
gaze_log_20250629_150037.csv,8,0.097016304731369,0.125079870223999,3,2,3,9.288025719778878,8.818409052486556,0,50,0.125,0.125,2.375,50,Mid,0
gaze_log_20250627_114532.csv,8,0.1471600234508514,0.2360899448394775,3,3,2,8.680821418762207,5.693568603513324,0,72,0.125,0.125,5.5,57,Mid,0
gaze_log_20250628_130354.csv,14,0.0969614131110055,0.1526999473571777,3,4,7,5.193700790405273,8.334239032895963,3,21,0.1428571428571428,0.1122448979591836,2.5,58,Mid,0
gaze_log_20250628_151543.csv,15,0.1119652430216471,0.1525797843933105,4,0,11,3.831569995198931,5.522959873767982,5,69,0.0,0.0,3.533333333333333,35,Low,0
gaze_log_20250629_140740.csv,9,0.2730732758839925,0.8627598285675049,4,0,5,8.092518717050552,5.438821262577363,0,53,0.1111111111111111,0.1111111111111111,3.2222222222222223,54,Mid,2
gaze_log_20250629_141502.csv,9,0.2518677446577284,0.8094100952148438,4,2,3,8.132566273212433,5.2698593775959,0,561,0.0,0.0,4.666666666666667,55,Mid,2
gaze_log_20250628_163321.csv,11,0.1500218131325461,0.402209997177124,4,2,5,7.282272005081177,6.481689268015921,1,35,0.0,0.0,3.636363636363636,54,Mid,0
gaze_log_20250629_145836.csv,24,0.1449304223060608,0.3640899658203125,11,5,8,3.131241736204728,2.150009036848477,0,137,0.125,0.125,3.458333333333333,67,High,0
gaze_log_20250629_120248.csv,12,0.1213683485984802,0.1665401458740234,2,3,7,5.024427262219516,2.870076716721349,0,65,0.25,0.25,2.5,72,High,0
gaze_log_20250629_141301.csv,9,0.123435550265842,0.2639100551605224,2,1,6,6.602838724851608,6.545738710200894,2,29,0.0,0.0,4.0,51,Mid,0
gaze_log_20250628_165754.csv,6,0.1265216668446858,0.2577900886535644,1,0,5,6.76578197479248,7.582168123230963,1,50,0.3333333333333333,0.2777777777777778,3.0,56,Mid,0
gaze_log_20250628_122635.csv,9,0.1678822040557861,0.2781400680541992,5,3,1,5.199772506952286,1.6847156294557453,0,48,0.0,0.0,3.333333333333333,48,Low,2
gaze_log_20250628_140258.csv,3,0.2360365390777588,0.2928197383880615,0,3,0,4.43080484867096,3.3151949644088745,0,55,0.0,0.0,3.0,39,Low,2
gaze_log_20250628_162358.csv,4,0.1911026239395141,0.332780122756958,1,1,2,17.075196663538616,11.435261978056143,0,39,0.0,0.0,5.25,58,Mid,2
gaze_log_20250629_174807.csv,7,0.1020942756107875,0.1527800559997558,3,3,1,7.5352916320164995,4.052728869139313,0,55,0.2857142857142857,0.2857142857142857,4.142857142857143,59,High,0
gaze_log_20250627_135505.csv,11,0.0957545367154208,0.1238198280334472,6,3,2,3.8070729970932007,2.7442927809596487,1,45,0.0,0.0,2.636363636363636,43,Low,0
gaze_log_20250628_132551.csv,22,0.1464168375188654,0.3463797569274902,5,7,10,3.225152855827695,2.028045560924421,1,88,0.2272727272727272,0.2169421487603305,4.727272727272728,55,Mid,0
gaze_log_20250625_141812.csv,6,0.0970083475112915,0.1246998310089111,2,2,2,13.68090796470642,7.336685650223183,0,135,0.1666666666666666,0.1666666666666666,2.1666666666666665,71,High,0
gaze_log_20250629_125653.csv,38,0.0934513305362902,0.1249201297760009,20,11,7,1.967096760466292,2.2979991501633874,18,87,0.0789473684210526,0.0415512465373961,3.131578947368421,44,Low,1
gaze_log_20250629_115141.csv,23,0.102113443872203,0.1520400047302246,8,6,9,3.060124548998746,1.8248036114269088,2,127,0.0434782608695652,0.0396975425330812,2.9130434782608696,48,Low,0
gaze_log_20250629_113915.csv,5,0.2105640411376953,0.2777299880981445,1,0,4,17.355262458324432,19.402821576995272,0,11,0.0,0.0,3.2,62,High,2
gaze_log_20250628_151829.csv,23,0.1097830274830693,0.1530101299285888,9,3,11,3.130703633481806,2.072999806072501,0,174,0.217391304347826,0.217391304347826,3.695652173913044,51,Mid,0
gaze_log_20250628_154004.csv,26,0.1023365259170532,0.137779951095581,12,2,12,2.64184160232544,2.219538097793851,7,40,0.1538461538461538,0.1124260355029586,3.076923076923077,54,Mid,1
gaze_log_20250629_123800.csv,7,0.1686971187591552,0.2924399375915527,3,2,2,7.803763349850972,4.922577621590376,1,19,0.0,0.0,5.285714285714286,38,Low,2
gaze_log_20250628_153757.csv,10,0.0901829004287719,0.1106698513031005,6,0,4,7.2814244694179955,7.302671682356117,0,59,0.0,0.0,1.3,63,High,0
gaze_log_20250629_122713.csv,12,0.0979166229565938,0.1382701396942138,3,5,4,5.57975452596491,3.460293980236105,1,94,0.1666666666666666,0.1527777777777777,2.1666666666666665,47,Low,0
gaze_log_20250625_111639.csv,34,0.1110064913244808,0.3313601016998291,13,11,10,2.096490903334184,1.902313407703284,18,76,0.1176470588235294,0.0553633217993079,3.088235294117647,64,High,1
gaze_log_20250629_144327.csv,3,0.1390201250712076,0.2362902164459228,1,0,2,18.5902498960495,16.782489895820618,0,6,0.3333333333333333,0.3333333333333333,3.6666666666666665,53,Mid,0
gaze_log_20250628_160000.csv,7,0.0990499087742396,0.1528401374816894,1,2,4,7.863996664683024,3.6093576776578553,0,40,0.0,0.0,3.0,69,High,0
gaze_log_20250628_154602.csv,6,0.1544700463612874,0.3450000286102295,2,0,4,11.825137948989868,12.674303665619131,0,26,0.1666666666666666,0.1666666666666666,2.0,69,High,0
gaze_log_20250629_174606.csv,4,0.0935825705528259,0.1107001304626464,1,2,1,24.491093238194782,12.545880468188246,0,34,0.25,0.25,2.5,47,Low,0
gaze_log_20250627_100954.csv,22,0.1237322633916681,0.2911300659179687,6,6,10,3.414910464059739,4.108687816851342,3,83,0.0454545454545454,0.0392561983471074,2.3181818181818183,58,Mid,0
gaze_log_20250628_161449.csv,10,0.1165249586105346,0.2362198829650879,3,2,5,7.893977774514092,8.109994079599101,1,25,0.1,0.09,2.7,53,Mid,0
gaze_log_20250627_101323.csv,12,0.3283358613650004,0.8748002052307129,6,3,3,5.819829073819247,5.5594148755746025,0,663,0.0,0.0,8.833333333333334,81,High,2
gaze_log_20250627_173602.csv,32,0.1327237412333488,0.4447400569915771,11,6,15,2.332156781227358,1.6214380182771688,9,71,0.09375,0.0673828125,3.9375,54,Mid,1
gaze_log_20250629_124435.csv,21,0.0871933641887846,0.0982801914215087,8,3,10,3.693193995952606,2.9570190060954658,2,37,0.1428571428571428,0.1292517006802721,3.1904761904761907,46,Low,0
gaze_log_20250628_115900.csv,9,0.152811050415039,0.2776999473571777,0,0,9,2.376550018787384,4.57043932022684,6,22,0.0,0.0,3.2222222222222223,44,Low,0
gaze_log_20250628_142859.csv,11,0.276869080283425,0.4574499130249023,6,2,3,6.969854998588562,5.25917701290323,0,98,0.0909090909090909,0.0909090909090909,3.4545454545454546,74,High,2
gaze_log_20250627_134548.csv,11,0.089440952647816,0.1107101440429687,1,5,5,6.200317001342773,6.021674333233962,1,295,0.0,0.0,3.363636363636364,53,Mid,0
gaze_log_20250628_140525.csv,34,0.1027611704433665,0.1527798175811767,13,4,17,2.00851423812635,2.6706696255367186,19,117,0.088235294117647,0.0389273356401384,2.7058823529411766,40,Low,1
gaze_log_20250627_113726.csv,14,0.1549013682774135,0.3470301628112793,2,0,12,4.645650771948008,5.717749692093976,3,76,0.0,0.0,3.571428571428572,64,High,0
gaze_log_20250629_151849.csv,8,0.0905087292194366,0.1110200881958007,1,1,6,6.754371438707624,6.60570889386803,0,281,0.125,0.125,2.0,55,Mid,0
gaze_log_20250629_182422.csv,4,0.1833775639533996,0.2761902809143066,2,2,0,8.982833305994669,4.146571723612767,0,43,0.0,0.0,5.5,25,Low,2
gaze_log_20250629_132334.csv,8,0.1005475521087646,0.1513199806213379,3,1,4,9.88425714629037,4.283731593079043,0,16,0.125,0.125,2.75,60,High,0
gaze_log_20250627_132846.csv,28,0.188788184097835,0.6114699840545654,20,5,3,2.3386225876984774,3.0208929492085703,15,370,0.0714285714285714,0.0331632653061224,5.071428571428571,71,High,1
gaze_log_20250628_140725.csv,18,0.1703683535257975,0.4443399906158447,7,4,7,4.171152353286743,4.3553613005727705,3,71,0.0555555555555555,0.0462962962962962,4.111111111111111,36,Low,2
gaze_log_20250628_152309.csv,3,0.0931533177693684,0.1115999221801757,1,0,2,16.52128493785858,3.575085043907165,0,41,0.0,0.0,3.6666666666666665,56,Mid,0
gaze_log_20250627_174351.csv,9,0.0891578727298312,0.0974400043487548,2,0,7,8.293846249580383,11.624940105279144,2,126,0.0,0.0,2.111111111111111,69,High,0
gaze_log_20250629_191515.csv,19,0.0963063114567806,0.1115698814392089,10,4,5,3.9129599862628512,3.2365531649322845,3,90,0.0,0.0,3.473684210526316,49,Low,0
gaze_log_20250628_170220.csv,15,0.2080486456553141,0.3614499568939209,7,2,6,4.82457571370261,3.420693143649716,0,101,0.0,0.0,4.933333333333334,54,Mid,2
gaze_log_20250629_112740.csv,28,0.117209996495928,0.249849796295166,10,9,9,2.66110814942254,2.6108890787501924,9,197,0.1071428571428571,0.072704081632653,2.7142857142857144,47,Low,1
gaze_log_20250627_172324.csv,15,0.1833306789398193,0.4718399047851562,7,4,4,4.3880985634667535,2.395610332789561,1,29,0.1333333333333333,0.1244444444444444,3.933333333333333,45,Low,2
gaze_log_20250628_151013.csv,16,0.0919525325298309,0.1247100830078125,6,4,6,4.516052659352621,2.6647882553451665,0,42,0.125,0.125,2.8125,46,Low,0
gaze_log_20250628_150447.csv,5,0.0887239456176757,0.1105298995971679,2,0,3,16.3696049451828,18.934495408439773,0,131,0.0,0.0,4.8,60,High,0
gaze_log_20250629_110806.csv,19,0.0936083793640136,0.1251499652862548,11,6,2,3.69365221924252,7.636320789416098,8,169,0.0,0.0,2.1578947368421053,52,Mid,1
gaze_log_20250629_150629.csv,42,0.1324026471092587,0.6522800922393799,6,11,25,1.6856860940049334,2.1681498819439216,29,177,0.119047619047619,0.0368480725623582,1.9047619047619049,56,Mid,1
gaze_log_20250629_115413.csv,11,0.1058254458687522,0.1520600318908691,4,2,5,5.765452003479004,4.279964876005747,1,59,0.0909090909090909,0.0826446280991735,3.636363636363636,68,High,0
gaze_log_20250629_175457.csv,8,0.0873986780643463,0.0971698760986328,1,2,5,9.04222573552813,8.27368594001203,0,32,0.125,0.125,2.875,40,Low,0
gaze_log_20250629_111853.csv,11,0.1244300278750333,0.333820104598999,2,4,5,5.592144012451172,8.476460620551743,3,89,0.1818181818181818,0.1322314049586777,1.5454545454545454,48,Low,0
gaze_log_20250628_142650.csv,11,0.092015418139371,0.1108601093292236,1,2,8,5.08624300956726,7.548165651368241,5,65,0.0,0.0,2.636363636363636,42,Low,0
gaze_log_20250628_133903.csv,22,0.1128227168863469,0.2917299270629883,7,6,9,3.204073326928275,2.385600155102604,4,161,0.1363636363636363,0.1115702479338842,4.045454545454546,59,High,0
gaze_log_20250629_154300.csv,7,0.147024359021868,0.2507100105285644,3,1,3,10.592788338661194,5.638800833884413,0,37,0.1428571428571428,0.1428571428571428,2.4285714285714284,46,Low,0
gaze_log_20250628_160630.csv,23,0.0977239401444144,0.1405000686645507,14,4,5,3.2281245535070244,3.132877816876636,8,87,0.0869565217391304,0.0567107750472589,2.3043478260869565,49,Low,1
gaze_log_20250629_133827.csv,11,0.1324563893404874,0.3310799598693847,5,3,3,5.462774014472961,2.826056588814739,0,164,0.1818181818181818,0.1818181818181818,3.1818181818181817,63,High,0
gaze_log_20250629_190632.csv,22,0.1482954350384799,0.278670072555542,8,4,10,3.4240990479787192,1.874745643435178,0,39,0.0909090909090909,0.0909090909090909,3.590909090909091,77,High,0
gaze_log_20250628_164522.csv,6,0.1089316209157307,0.1400399208068847,1,0,5,10.25623598098755,11.685931819227816,1,13,0.0,0.0,3.333333333333333,52,Mid,0
gaze_log_20250629_135311.csv,12,0.1274125576019287,0.180690050125122,6,3,3,5.659418171102351,8.499030121692677,2,36,0.0833333333333333,0.0694444444444444,3.4166666666666665,67,High,0
gaze_log_20250629_153043.csv,16,0.1759324967861175,0.5009198188781738,2,4,10,3.647430658340454,2.58420809341807,2,154,0.0625,0.0546875,4.0,72,High,2
gaze_log_20250629_175251.csv,15,0.1269213358561197,0.3752801418304443,7,3,5,4.684735723904201,4.762000826141805,2,127,0.1333333333333333,0.1155555555555555,4.8,46,Low,0
gaze_log_20250628_145934.csv,45,0.0952024512820773,0.1656899452209472,24,6,15,1.6828174970366738,1.3389932072486637,21,650,0.0888888888888888,0.0474074074074074,3.0,63,High,1
gaze_log_20250628_152045.csv,3,0.1064033508300781,0.1387000083923339,1,1,1,18.82846999168396,0.4649600982666015,0,23,0.0,0.0,3.333333333333333,41,Low,0
gaze_log_20250629_142010.csv,13,0.1003223015711857,0.1524498462677002,3,1,9,5.907708326975505,5.738891242659967,1,48,0.0,0.0,3.692307692307693,39,Low,0
gaze_log_20250629_140149.csv,7,0.0989443234034947,0.1249401569366455,3,2,2,9.442566672960917,5.122687817838389,0,50,0.0,0.0,1.8571428571428568,45,Low,0
gaze_log_20250628_123534.csv,6,0.1920284032821655,0.6256399154663086,3,0,3,11.820515966415403,10.161274987828651,0,75,0.1666666666666666,0.1666666666666666,3.0,62,High,2
gaze_log_20250628_153548.csv,24,0.0907542010148366,0.1252801418304443,7,1,16,3.0224808610003926,2.9453175366190245,7,62,0.0416666666666666,0.0295138888888888,3.083333333333333,70,High,1
gaze_log_20250629_180350.csv,25,0.1238519859313964,0.1678199768066406,12,5,8,2.9345608353614807,1.7878985307375326,5,56,0.12,0.096,2.96,59,High,1
gaze_log_20250629_145622.csv,5,0.1308859825134277,0.1809799671173095,2,1,2,14.260419964790344,9.598098792982457,0,14,0.0,0.0,3.4,63,High,0
gaze_log_20250625_122615.csv,9,0.0925122896830241,0.1114499568939209,4,2,3,8.25781124830246,5.71311764951411,0,43,0.0,0.0,3.111111111111111,62,High,0
gaze_log_20250628_145706.csv,29,0.1672827539772823,0.8031597137451172,15,4,10,2.5273114272526334,2.5770383119978164,11,72,0.1379310344827586,0.0856123662306777,4.0,58,Mid,1
gaze_log_20250629_121506.csv,4,0.1697825789451599,0.2645001411437988,2,0,2,18.20459000269572,15.685304305216842,0,25,0.25,0.25,5.75,50,Mid,0
gaze_log_20250628_104649.csv,32,0.123182512819767,0.4284899234771728,10,6,16,2.24382064419408,1.7202326008485938,10,84,0.0,0.0,4.0625,50,Mid,1
gaze_log_20250629_125210.csv,52,0.1100355845231276,0.1665098667144775,15,11,26,1.4606254895528157,1.370636088381808,32,300,0.0769230769230769,0.029585798816568,4.653846153846154,50,Mid,1
gaze_log_20250629_184811.csv,5,0.0940080165863037,0.0971601009368896,2,0,3,14.583147466182709,11.977074330156103,0,60,0.2,0.2,3.4,62,High,0
gaze_log_20250629_185845.csv,16,0.0891980975866317,0.1116399765014648,5,0,11,4.981662654876709,7.293464900530066,3,166,0.0625,0.05078125,4.0625,46,Low,0
gaze_log_20250628_115619.csv,53,0.166314867307555,0.444429874420166,20,10,23,1.3993649987074046,0.8657016522788298,34,154,0.0566037735849056,0.0202919188323246,3.207547169811321,53,Mid,1
gaze_log_20250629_142303.csv,27,0.1130355552390769,0.1802899837493896,10,6,11,2.6347361619655905,1.436670142118984,2,140,0.037037037037037,0.0342935528120713,4.555555555555555,79,High,1
gaze_log_20250626_154919.csv,7,0.1467628479003906,0.2650899887084961,1,4,2,8.424163341522217,7.183049932894528,1,14,0.5714285714285714,0.4897959183673469,4.0,47,Low,0
gaze_log_20250629_123500.csv,5,0.1386480331420898,0.1940000057220459,2,1,2,15.750702559947968,11.58112063744073,0,19,0.0,0.0,3.2,66,High,0
gaze_log_20250627_113021.csv,24,0.1240949829419453,0.4301698207855224,12,3,9,2.7972882623257846,2.070536940664647,6,55,0.0416666666666666,0.03125,0.5,44,Low,1
gaze_log_20250628_155149.csv,12,0.104212482770284,0.1672298908233642,3,2,7,4.7176900126717305,3.966305490567564,0,31,0.0833333333333333,0.0833333333333333,2.583333333333333,28,Low,0
gaze_log_20250625_145239.csv,14,0.1482036454336983,0.3474302291870117,3,3,8,4.731021550985483,3.644471748982875,1,40,0.1428571428571428,0.1326530612244898,3.571428571428572,70,High,0
gaze_log_20250625_123432.csv,23,0.1152683133664338,0.2490901947021484,13,4,6,3.255116831172596,2.545270704366485,5,79,0.0434782608695652,0.0340264650283553,3.217391304347826,56,Mid,1
gaze_log_20250629_125945.csv,5,0.0888381004333496,0.1123702526092529,2,1,2,13.277527451515198,7.98836316678933,0,47,0.2,0.2,4.4,37,Low,0
gaze_log_20250628_121805.csv,12,0.130471646785736,0.25,6,0,6,5.344883658669212,6.012916970931613,3,21,0.1666666666666666,0.125,4.0,80,High,0
gaze_log_20250628_131551.csv,7,0.2101328713553292,0.8332300186157227,2,2,3,10.285386681556702,5.650154457370063,0,78,0.0,0.0,5.714285714285714,67,High,2
gaze_log_20250627_135959.csv,13,0.137570729622474,0.2081000804901123,5,4,4,5.541880011558533,3.3956248534181253,0,9,0.0,0.0,2.8461538461538463,42,Low,0
gaze_log_20250628_163015.csv,3,0.2360667387644449,0.5275402069091797,0,1,2,18.444779872894287,16.345329999923706,0,29,0.0,0.0,2.333333333333333,71,High,2
gaze_log_20250628_125939.csv,3,0.0874101320902506,0.0968799591064453,0,1,2,10.214634895324709,0.922295093536377,0,46,0.0,0.0,3.333333333333333,46,Low,0
gaze_log_20250629_144039.csv,8,0.2729088068008423,0.696850061416626,3,4,1,6.857477154050555,8.245777349530886,2,20,0.125,0.09375,3.5,49,Low,2
gaze_log_20250628_122059.csv,13,0.1370015327747051,0.2928099632263183,4,4,5,5.492115835348765,5.838463386233477,1,52,0.2307692307692307,0.2130177514792899,2.6153846153846154,53,Mid,0
gaze_log_20250627_181022.csv,33,0.1227188110351562,0.194120168685913,16,5,12,2.287400931119919,1.95035957992482,8,51,0.0606060606060606,0.0459136822773186,2.636363636363636,62,High,1
gaze_log_20250629_144950.csv,8,0.1006663143634796,0.1387300491333007,4,3,1,7.057535716465542,6.014665698786799,0,51,0.0,0.0,4.25,39,Low,0
gaze_log_20250629_154000.csv,6,0.1549600760142008,0.2916798591613769,4,2,0,8.341567993164062,11.769856967476446,1,62,0.0,0.0,4.333333333333333,67,High,0
gaze_log_20250627_162144.csv,21,0.1637710049038841,0.5130600929260254,8,9,4,2.4951825022697447,3.579982421014173,8,125,0.1428571428571428,0.0884353741496598,4.238095238095238,47,Low,1
gaze_log_20250628_165104.csv,10,0.1941579580307006,0.6806998252868652,8,0,2,7.457139995363024,8.41497071259485,2,199,0.2,0.16,3.7,56,Mid,2
gaze_log_20250628_154246.csv,15,0.1461606343587239,0.5807499885559082,8,3,4,4.465562156268528,2.9869302421422264,1,103,0.0666666666666666,0.0622222222222222,4.333333333333333,32,Low,0
gaze_log_20250628_150752.csv,5,0.1002260208129882,0.1396300792694091,1,0,4,8.35451751947403,7.707751904824756,0,168,0.0,0.0,1.8,74,High,0
gaze_log_20250629_124108.csv,16,0.0986899584531784,0.1249198913574218,4,6,6,4.684427992502848,5.1601701641395215,4,48,0.0625,0.046875,2.6875,52,Mid,0
gaze_log_20250627_142444.csv,9,0.2055167092217339,0.483489990234375,1,1,7,6.024520039558411,4.503187895120895,0,17,0.3333333333333333,0.3333333333333333,2.555555555555556,39,Low,2
gaze_log_20250627_111008.csv,40,0.103407734632492,0.2367100715637207,16,13,11,1.8801259016379333,1.718015441937084,17,54,0.1,0.0574999999999999,2.65,46,Low,1
gaze_log_20250629_114357.csv,7,0.105128560747419,0.1527400016784668,2,1,4,9.321776628494264,5.3801487333766485,0,58,0.1428571428571428,0.1428571428571428,3.7142857142857135,56,Mid,0
gaze_log_20250629_185328.csv,3,0.1111266613006591,0.1113698482513427,1,1,1,23.459935069084167,3.915245175361633,0,12,0.0,0.0,1.3333333333333333,49,Low,0
gaze_log_20250628_144322.csv,7,0.0911857400621686,0.1247999668121337,3,1,3,7.824421683947246,3.7236199408219735,0,23,0.2857142857142857,0.2857142857142857,1.2857142857142858,42,Low,0
gaze_log_20250629_183229.csv,16,0.1075618863105773,0.3192198276519775,8,3,5,4.708565330505371,4.026364350573884,0,689,0.0625,0.0625,3.9375,30,Low,0
gaze_log_20250628_145000.csv,18,0.1780322790145874,0.568920373916626,9,5,4,2.7752752865062043,2.483435467708808,4,70,0.0555555555555555,0.0432098765432098,2.6666666666666665,63,High,2
gaze_log_20250628_125735.csv,37,0.1005389239336993,0.1657700538635254,17,8,12,1.898530277940962,2.336212553124996,20,1339,0.054054054054054,0.024835646457268,2.45945945945946,42,Low,1
gaze_log_20250628_113708.csv,8,0.2038412392139434,0.633699893951416,4,1,3,9.32202570778983,3.2107901164196804,0,59,0.25,0.25,3.375,58,Mid,2
gaze_log_20250627_103803.csv,5,0.0890540122985839,0.0979299545288086,4,0,1,13.514657497406006,14.79232607612072,0,15,0.2,0.2,3.0,45,Low,0
gaze_log_20250629_135006.csv,23,0.1099678329799486,0.167029857635498,10,4,9,3.379462729800831,2.5307365512290554,3,179,0.1304347826086956,0.1134215500945179,3.217391304347826,68,High,0
gaze_log_20250628_170457.csv,25,0.1303516006469726,0.4719700813293457,11,4,10,2.945131669441859,2.1794143815260183,5,170,0.12,0.096,4.48,53,Mid,1
gaze_log_20250627_120215.csv,5,0.1110859394073486,0.1801598072052002,2,0,3,11.070059955120088,8.948288441672032,0,19,0.0,0.0,4.2,69,High,0
gaze_log_20250627_111427.csv,15,0.1072973410288492,0.2489998340606689,5,3,7,4.88614284992218,3.26780541236205,1,273,0.0666666666666666,0.0622222222222222,3.2,69,High,0
gaze_log_20250629_143026.csv,20,0.1372609972953796,0.2638602256774902,10,2,8,3.527841053510967,3.2133984288787434,4,23,0.0,0.0,2.85,54,Mid,0
gaze_log_20250629_114624.csv,5,0.2110660076141357,0.3750200271606445,1,1,3,13.702820003032684,6.115520002724509,0,92,0.2,0.2,5.6,57,Mid,2
gaze_log_20250629_115245.csv,16,0.1329762637615203,0.2639400959014892,6,3,7,4.023239310582479,2.157970775515698,1,136,0.1875,0.17578125,3.6875,70,High,0
gaze_log_20250629_124729.csv,5,0.2663919925689697,0.4156100749969482,0,2,3,8.635415017604828,4.542181108042257,0,23,0.0,0.0,3.6,60,High,2
gaze_log_20250627_140117.csv,7,0.1128514153616769,0.1803500652313232,5,2,0,4.967301686604817,2.1275540911072564,0,76,0.0,0.0,4.0,51,Mid,0
gaze_log_20250628_142946.csv,3,0.1016034285227457,0.1389000415802002,3,0,0,5.5550700426101685,0.1529899835586547,0,119,0.0,0.0,4.333333333333333,67,High,0
gaze_log_20250629_115735.csv,25,0.1154007911682128,0.2365400791168213,12,7,6,3.00427915652593,3.027449055865977,6,81,0.08,0.0608,3.84,44,Low,1
gaze_log_20250629_145658.csv,9,0.1017499764760335,0.1246700286865234,4,2,3,8.655032515525818,6.127350367166865,0,75,0.0,0.0,2.7777777777777777,70,High,0
gaze_log_20250628_152957.csv,3,0.087583303451538,0.0971198081970214,2,1,0,12.512884974479675,3.0437551736831665,0,16,0.0,0.0,3.333333333333333,51,Mid,0
gaze_log_20250628_141644.csv,23,0.2175086995829706,0.9319798946380616,23,0,0,1.103796362876892,1.054991503415866,15,977,0.1304347826086956,0.0453686200378071,3.3043478260869565,33,Low,1
gaze_log_20250629_142725.csv,43,0.1837767722994782,0.430459976196289,22,7,14,1.7223099981035506,1.216955568450413,20,201,0.1395348837209302,0.0746349378042185,4.674418604651163,56,Mid,1
gaze_log_20250627_163321.csv,4,0.124887466430664,0.152559757232666,2,1,1,12.847753365834556,2.696643220407168,0,13,0.0,0.0,3.25,61,High,0
gaze_log_20250629_180100.csv,17,0.1159405708312988,0.3187599182128906,7,4,6,4.604247495532036,3.84770130326832,2,110,0.1764705882352941,0.1557093425605536,4.0588235294117645,54,Mid,0
gaze_log_20250629_152523.csv,13,0.2392692199120154,0.9867000579833984,9,4,0,3.024603346983592,4.214598055862648,5,632,0.0,0.0,8.076923076923077,45,Low,2
gaze_log_20250627_113837.csv,6,0.2049217224121093,0.4301900863647461,4,0,2,11.136414051055908,11.27551797022394,0,13,0.1666666666666666,0.1666666666666666,3.333333333333333,29,Low,2
gaze_log_20250628_140413.csv,6,0.0922416051228841,0.1105201244354248,2,2,2,10.38088002204895,4.493893419409889,0,49,0.1666666666666666,0.1666666666666666,3.6666666666666665,44,Low,0
gaze_log_20250629_185327.csv,4,0.0830875039100647,0.0834400653839111,0,1,3,4.277976592381795,4.348737990359624,1,43,0.0,0.0,2.75,55,Mid,0
gaze_log_20250629_181433.csv,6,0.0878400007883707,0.0972199440002441,3,1,2,9.661600017547608,12.600041228753447,1,31,0.0,0.0,2.833333333333333,45,Low,0
gaze_log_20250628_141257.csv,3,0.1154366334279378,0.1526100635528564,3,0,0,4.179700136184692,1.8590998649597168,0,89,0.0,0.0,6.666666666666667,37,Low,0
gaze_log_20250628_114040.csv,16,0.1804581433534622,0.3194501399993896,7,1,8,4.48803334236145,4.816338462253285,5,83,0.0625,0.04296875,3.4375,46,Low,2
gaze_log_20250626_151115.csv,7,0.204188517161778,0.4583101272583008,3,2,2,9.505409995714825,6.632133887739918,0,85,0.1428571428571428,0.1428571428571428,2.4285714285714284,55,Mid,2
gaze_log_20250628_144850.csv,10,0.129132080078125,0.1804699897766113,6,0,4,7.225468873977661,6.8030245997457,1,29,0.0,0.0,2.3,61,High,0
gaze_log_20250629_141207.csv,5,0.0915380954742431,0.1113002300262451,2,2,1,10.879052460193634,5.996614452250751,0,25,0.0,0.0,2.4,71,High,0
gaze_log_20250628_144703.csv,3,0.1629667282104492,0.2389800548553466,1,2,0,14.376974940299988,10.608565211296082,0,29,0.0,0.0,1.6666666666666667,49,Low,0
gaze_log_20250629_175835.csv,28,0.25983498777662,0.9581298828125,7,9,12,2.4008881427623607,1.6770360193353255,6,420,0.0357142857142857,0.0280612244897959,5.821428571428571,41,Low,2
gaze_log_20250628_154505.csv,9,0.1000577873653835,0.1526799201965332,2,1,6,6.005378752946854,6.953254657076856,3,147,0.1111111111111111,0.074074074074074,5.444444444444445,68,High,0
gaze_log_20250628_131000.csv,11,0.128839146007191,0.2084603309631347,4,3,4,6.078937983512878,5.596319205852117,0,21,0.0909090909090909,0.0909090909090909,4.0,62,High,0
gaze_log_20250629_180923.csv,19,0.1410062815013684,0.3192799091339111,7,2,10,3.6899089018503823,3.0731203658749604,3,45,0.0526315789473684,0.0443213296398891,2.526315789473684,60,High,0
gaze_log_20250629_190249.csv,7,0.0832199369158063,0.0836198329925537,3,2,2,11.61876666545868,7.835214737811296,0,18,0.0,0.0,3.142857142857143,75,High,0
gaze_log_20250624_200742.csv,6,0.1179451545079549,0.1387102603912353,5,1,0,3.870144033432007,4.159585132207024,1,25,0.1666666666666666,0.1388888888888889,2.5,74,High,0
gaze_log_20250629_183037.csv,20,0.0936335325241088,0.1247899532318115,9,3,8,3.183696834664596,2.555444782964897,7,44,0.05,0.0325,3.05,45,Low,1
gaze_log_20250628_124623.csv,3,0.0970834096272786,0.110490083694458,2,0,1,21.826110124588013,15.212550163269045,0,27,0.0,0.0,2.6666666666666665,39,Low,0
gaze_log_20250627_171938.csv,7,0.0969485555376325,0.1385400295257568,1,3,3,11.21374003092448,9.90824004522735,0,47,0.0,0.0,3.0,49,Low,0
gaze_log_20250629_123849.csv,12,0.1039124528566996,0.1804800033569336,3,2,7,6.393799976869063,5.563711574059117,2,21,0.0833333333333333,0.0694444444444444,3.083333333333333,52,Mid,0
gaze_log_20250629_111811.csv,4,0.100274920463562,0.1106598377227783,1,1,2,9.620680014292398,9.397487121092286,0,38,0.0,0.0,4.0,78,High,0
gaze_log_20250628_121612.csv,8,0.130372554063797,0.2083401679992675,2,1,5,8.555708544594902,4.575551747709189,0,94,0.125,0.125,4.5,45,Low,0
gaze_log_20250627_162819.csv,52,0.1195277113180894,0.5420701503753662,16,13,23,1.3712801980037317,0.8432421437889634,33,393,0.1153846153846153,0.0421597633136094,2.1538461538461537,45,Low,1
gaze_log_20250627_141756.csv,3,0.1203966935475667,0.1386499404907226,0,1,2,11.25858509540558,5.869535088539124,0,18,0.0,0.0,4.666666666666667,74,High,0
gaze_log_20250628_121941.csv,19,0.1175689195331774,0.276320219039917,6,5,8,3.330358889367845,1.3367409132396595,0,121,0.1578947368421052,0.1578947368421052,5.2105263157894735,59,High,0
gaze_log_20250629_184203.csv,8,0.1115525066852569,0.1950099468231201,3,3,2,6.543765681130545,5.6296491762980905,0,64,0.375,0.375,3.375,69,High,0
gaze_log_20250627_170012.csv,6,0.192086656888326,0.4025800228118896,1,1,4,10.923221969604493,7.850226090202787,0,35,0.0,0.0,3.6666666666666665,50,Mid,2
gaze_log_20250628_165442.csv,22,0.1366005052219737,0.3611800670623779,4,10,8,2.756594294593448,3.339772204666355,8,87,0.1818181818181818,0.1157024793388429,3.636363636363636,61,High,1
gaze_log_20250629_111556.csv,28,0.1293738739831107,0.2782702445983886,13,6,9,2.5330837037828235,1.2412311232776527,4,113,0.1071428571428571,0.0918367346938775,3.607142857142857,47,Low,1
gaze_log_20250628_165654.csv,3,0.1249797344207763,0.2085297107696533,0,1,2,16.772755026817322,4.328024983406067,0,13,0.0,0.0,2.0,24,Low,0
gaze_log_20250627_143143.csv,23,0.1242791362430738,0.3466200828552246,11,4,8,2.800645448944785,2.088732129047695,3,38,0.0869565217391304,0.0756143667296786,3.869565217391304,54,Mid,0
gaze_log_20250628_103843.csv,46,0.1402813196182251,0.4997801780700683,10,16,20,1.611524661382039,1.438983773361934,24,98,0.108695652173913,0.051984877126654,3.782608695652174,59,High,1
gaze_log_20250627_114436.csv,37,0.1370686582616857,0.4442698955535888,14,7,16,1.876281393898858,1.4144008052515753,13,80,0.1081081081081081,0.0701241782322863,3.324324324324324,49,Low,1
gaze_log_20250629_113036.csv,27,0.126459969414605,0.2081198692321777,10,4,13,2.747955377285297,2.85063847483513,8,128,0.1111111111111111,0.0781893004115226,3.1481481481481484,61,High,1
gaze_log_20250627_130231.csv,4,0.131890058517456,0.1392700672149658,3,1,0,5.282906611760457,3.0641101066834886,0,26,0.0,0.0,4.0,37,Low,0
gaze_log_20250629_184835.csv,11,0.1095245317979292,0.1942601203918457,9,0,2,6.112293028831482,11.189476620797311,3,84,0.0909090909090909,0.0661157024793388,1.5454545454545454,61,High,0
gaze_log_20250629_174522.csv,32,0.1140046864748001,0.2223100662231445,14,4,14,2.3262748410624843,2.537202588435983,11,219,0.0625,0.041015625,3.96875,41,Low,1
gaze_log_20250628_131402.csv,21,0.0992090702056884,0.1388301849365234,10,1,10,3.642461001873016,3.542601980983606,3,111,0.0476190476190476,0.0408163265306122,2.761904761904762,59,High,0
gaze_log_20250629_152254.csv,27,0.1440569912945782,0.3607101440429687,16,7,4,3.2500923046698937,3.551217665501309,10,144,0.1111111111111111,0.0699588477366255,3.2962962962962963,36,Low,1
gaze_log_20250627_141033.csv,7,0.0970058100564139,0.1248302459716796,1,2,4,7.009865005811055,5.020353948050206,0,39,0.0,0.0,3.142857142857143,48,Low,0
gaze_log_20250628_153442.csv,4,0.1006649732589721,0.1246998310089111,3,1,0,5.791930039723714,3.894947588085639,0,44,0.0,0.0,3.0,52,Mid,0
gaze_log_20250629_153200.csv,39,0.2500781646141639,0.9998798370361328,38,1,0,1.1104465785779452,2.557384447653948,33,3063,0.1282051282051282,0.019723865877712,3.6666666666666665,60,High,1
gaze_log_20250628_132540.csv,3,0.087916612625122,0.0972700119018554,3,0,0,4.737715005874634,2.431834936141968,0,171,0.0,0.0,5.0,63,High,0
gaze_log_20250629_121154.csv,12,0.1122525731722513,0.2228701114654541,6,2,4,5.784480918537486,3.204816133624521,0,69,0.0,0.0,3.75,71,High,0
gaze_log_20250629_132114.csv,18,0.1233766343858507,0.4581398963928222,3,6,9,4.099924115573659,3.7873081917327256,3,99,0.0,0.0,2.833333333333333,47,Low,0
gaze_log_20250629_130703.csv,33,0.1383451476241603,0.5974001884460449,15,8,10,2.0756765604019165,1.5701599485661186,12,175,0.1212121212121212,0.0771349862258953,3.6666666666666665,53,Mid,1
gaze_log_20250629_181651.csv,3,0.1111965974171956,0.1248197555541992,3,0,0,4.290850043296814,0.2752398252487182,0,11,0.0,0.0,2.0,56,Mid,0
gaze_log_20250629_113333.csv,3,0.1342433293660482,0.2088701725006103,2,0,1,24.03706002235413,22.05042028427124,0,29,0.0,0.0,4.0,73,High,0
gaze_log_20250627_102233.csv,10,0.1887449741363525,0.2915000915527344,2,3,5,5.733546707365248,2.974607362024102,0,67,0.0,0.0,5.1,28,Low,2
gaze_log_20250628_154001.csv,15,0.1313793023427327,0.1944999694824218,8,1,6,5.061854311398098,4.426033503178289,2,161,0.0666666666666666,0.0577777777777777,3.333333333333333,59,High,0
gaze_log_20250629_145438.csv,27,0.1413063296565303,0.2497398853302002,12,8,7,2.3953684660104604,2.94464487570839,11,88,0.037037037037037,0.0219478737997256,2.814814814814815,68,High,1
gaze_log_20250628_140843.csv,9,0.0953777896033393,0.1384801864624023,2,2,5,6.001938730478287,2.95235353240403,0,18,0.0,0.0,3.0,57,Mid,0
gaze_log_20250628_163730.csv,10,0.1109730005264282,0.1529102325439453,5,4,1,5.120721101760864,4.195403813264792,0,64,0.1,0.1,2.8,59,High,0
gaze_log_20250628_162348.csv,5,0.1139760017395019,0.1391701698303222,5,0,0,6.174452543258667,0.9961165081830858,0,33,0.0,0.0,2.0,59,High,0
gaze_log_20250627_105952.csv,11,0.1144490458748557,0.1528599262237548,6,1,4,6.619893002510071,4.603433392925311,0,109,0.1818181818181818,0.1818181818181818,4.0,45,Low,0
gaze_log_20250629_191247.csv,4,0.0970925092697143,0.1388399600982666,2,0,2,16.728203376134235,17.646318047776028,0,63,0.5,0.5,1.75,24,Low,0
gaze_log_20250629_150433.csv,22,0.1846609223972667,0.4025602340698242,4,2,16,3.013409512383597,3.079975160675993,5,70,0.0909090909090909,0.0702479338842975,4.7727272727272725,63,High,2
gaze_log_20250627_172926.csv,31,0.1472938983671126,0.4163801670074463,6,9,16,2.317266337076823,2.210219068272992,8,622,0.064516129032258,0.0478668054110301,2.290322580645161,61,High,1
gaze_log_20250628_112916.csv,43,0.2391158314638359,0.6731102466583252,19,9,15,1.7051373833701724,1.141087651960011,16,127,0.0697674418604651,0.0438074634937804,3.86046511627907,41,Low,1
gaze_log_20250629_141926.csv,3,0.0878799756368001,0.0971899032592773,0,0,3,13.508955121040344,3.130334973335266,0,30,0.0,0.0,3.333333333333333,55,Mid,0
gaze_log_20250629_142208.csv,24,0.1230708062648773,0.3884000778198242,10,7,7,2.896898259287295,3.480656237460781,6,129,0.125,0.09375,3.375,48,Low,1
gaze_log_20250628_154214.csv,16,0.1587587147951126,0.7776298522949219,10,3,3,3.739727322260539,3.1624971803366537,1,196,0.0,0.0,4.625,49,Low,2
gaze_log_20250628_151754.csv,9,0.1233622762891981,0.1940400600433349,4,1,4,8.418920010328293,3.735966471287531,0,238,0.0,0.0,3.2222222222222223,43,Low,0
gaze_log_20250629_130926.csv,13,0.1142829931699312,0.2221298217773437,4,4,5,5.073046644528707,2.590370038310744,0,132,0.0,0.0,5.076923076923077,59,High,0
gaze_log_20250629_102758.csv,7,0.0892343861716134,0.1111702919006347,4,1,2,9.54458995660146,6.820905140692576,1,128,0.0,0.0,4.285714285714286,65,High,0
gaze_log_20250628_105315.csv,25,0.1170523834228515,0.3747999668121338,8,7,10,2.898944586515426,2.7334573883713302,6,181,0.08,0.0608,4.44,60,High,1
gaze_log_20250628_131729.csv,3,0.1204099655151367,0.1804499626159668,2,0,1,23.27809500694275,12.263275146484377,0,36,0.0,0.0,1.3333333333333333,57,Mid,0
gaze_log_20250627_101516.csv,24,0.1005929509798685,0.1662399768829345,9,6,9,2.6962265139040738,2.342880175869264,6,75,0.0416666666666666,0.03125,3.2916666666666665,49,Mid,1
gaze_log_20250629_123625.csv,11,0.1462763006036931,0.4578697681427002,5,1,5,6.464061999320984,6.295023001069279,1,86,0.0,0.0,3.4545454545454546,72,High,0
gaze_log_20250629_132701.csv,8,0.1022550165653228,0.1393496990203857,3,1,4,9.903374331338066,3.4198463891634807,0,26,0.25,0.25,3.125,57,Mid,0
gaze_log_20250626_150126.csv,6,0.1456549564997355,0.3199200630187988,3,1,2,9.77798399925232,8.726410446959912,0,28,0.1666666666666666,0.1666666666666666,3.0,67,High,0
gaze_log_20250629_132926.csv,40,0.147773277759552,0.8335599899291992,14,7,19,1.8348628129714573,1.1488222673183284,12,181,0.05,0.0349999999999999,4.45,56,Mid,1
gaze_log_20250627_143650.csv,3,0.1573433876037597,0.1940701007843017,0,1,2,16.59771502017975,9.121735215187073,0,61,0.0,0.0,2.0,62,High,0
gaze_log_20250626_150907.csv,19,0.1169300204829165,0.1803400516510009,10,0,9,3.5054988861083984,5.601324094889763,4,41,0.0,0.0,3.684210526315789,55,Mid,0
gaze_log_20250629_144044.csv,3,0.1993433634440104,0.2359399795532226,1,0,2,18.04087495803833,1.775704860687256,0,19,0.0,0.0,4.0,40,Low,2
gaze_log_20250628_135558.csv,29,0.1688889717233592,0.6249301433563232,16,5,8,2.4247928517205373,1.8370964049964331,7,214,0.1379310344827586,0.1046373365041617,3.586206896551724,49,Mid,1
gaze_log_20250628_171124.csv,3,0.0925834973653157,0.1112701892852783,1,0,2,17.167029976844788,9.830459952354431,0,23,0.0,0.0,2.333333333333333,58,Mid,0
gaze_log_20250628_144028.csv,4,0.2253950238227844,0.3192000389099121,0,2,2,12.467569986979166,10.41795686322506,0,63,0.0,0.0,1.0,42,Low,2
gaze_log_20250628_114838.csv,4,0.1698524355888366,0.3339598178863525,2,0,2,9.885163386662802,12.73425902590053,0,26,0.0,0.0,2.25,51,Mid,2
gaze_log_20250629_152746.csv,31,0.1847109640798261,0.3191001415252685,11,9,11,2.3412676652272544,2.2779170130983046,9,412,0.064516129032258,0.0457856399583766,4.32258064516129,54,Mid,1
gaze_log_20250628_134726.csv,3,0.0878966649373372,0.0972700119018554,1,0,2,20.193684935569763,8.6265150308609,0,47,0.0,0.0,3.0,54,Mid,0
gaze_log_20250628_134040.csv,14,0.1475164209093366,0.2913300991058349,10,0,4,5.27810001373291,8.641511022509144,1,81,0.1428571428571428,0.1326530612244898,3.5,33,Low,0
gaze_log_20250629_123140.csv,34,0.1452891055275412,0.3052902221679687,1,7,26,2.113690304033684,5.6076632693367285,26,46,0.088235294117647,0.0207612456747404,3.088235294117647,71,High,1
gaze_log_20250629_133434.csv,13,0.1279707505152775,0.3191802501678467,4,1,8,5.009391685326894,4.485342258864642,0,107,0.2307692307692307,0.2307692307692307,2.769230769230769,37,Low,0
gaze_log_20250627_112756.csv,13,0.1131616372328538,0.2082102298736572,2,3,8,5.335715850194295,4.158148746682977,0,28,0.1538461538461538,0.1538461538461538,2.6923076923076925,70,High,0
gaze_log_20250629_152948.csv,7,0.2017300128936767,0.5551803112030029,6,1,0,5.255021691322327,3.861640311769379,0,58,0.4285714285714285,0.4285714285714285,4.142857142857143,58,High,2
gaze_log_20250627_114657.csv,22,0.1075786352157592,0.1803498268127441,14,8,0,1.9254328523363389,1.4559531117984432,10,55,0.1818181818181818,0.0991735537190082,1.7272727272727273,54,Mid,1
gaze_log_20250628_125548.csv,42,0.1053245181129092,0.2497498989105224,15,12,15,1.6352919485510848,1.0173406174984592,19,147,0.0952380952380952,0.0521541950113378,3.119047619047619,42,Low,1
gaze_log_20250628_155905.csv,5,0.1582741260528564,0.2497203350067138,2,2,1,11.30928999185562,9.883556626217532,0,55,0.4,0.4,4.2,58,High,0
gaze_log_20250628_132222.csv,7,0.1169987065451485,0.1525702476501464,2,2,3,6.7925483385721845,3.106170985767709,0,50,0.1428571428571428,0.1428571428571428,3.7142857142857135,48,Low,0
gaze_log_20250627_162306.csv,22,0.0969841588627208,0.152829885482788,10,5,7,3.420846178418114,2.817166016658798,4,37,0.1363636363636363,0.1115702479338842,3.0,61,High,0
gaze_log_20250629_140237.csv,6,0.0970999399820963,0.1114001274108886,5,0,1,11.348318004608156,11.396604147713363,0,42,0.1666666666666666,0.1666666666666666,3.333333333333333,51,Mid,0
gaze_log_20250627_123431.csv,19,0.1154437316091437,0.3330800533294678,3,6,10,3.7084261178970337,5.004601182660801,5,53,0.1052631578947368,0.0775623268698061,2.8947368421052637,59,High,0
gaze_log_20250626_115514.csv,10,0.1095999717712402,0.2080399990081787,1,3,6,6.264697790145874,6.103371123455648,1,674,0.1,0.09,4.0,43,Low,0
gaze_log_20250629_183715.csv,9,0.1541755729251437,0.3463099002838135,5,2,2,7.668678730726242,8.584952268817618,2,30,0.2222222222222222,0.1728395061728395,2.6666666666666665,50,Mid,0
gaze_log_20250627_163559.csv,3,0.101563294728597,0.1388196945190429,0,3,0,1.507179856300354,0.1042500734329223,0,62,0.0,0.0,4.333333333333333,55,Mid,0
gaze_log_20250629_182345.csv,5,0.1148200035095214,0.1805400848388672,2,0,3,9.465569972991943,9.16671298240187,0,22,0.6,0.6,3.0,65,High,0
gaze_log_20250627_140343.csv,22,0.0933681726455688,0.138589859008789,8,9,5,3.465741906847273,4.378556475165773,8,311,0.0,0.0,4.045454545454546,49,Mid,1
gaze_log_20250629_191517.csv,4,0.1041699647903442,0.1526200771331787,1,0,3,17.982706626256306,15.389470350567924,0,29,0.0,0.0,3.25,56,Mid,0
gaze_log_20250629_182543.csv,21,0.2131714366731189,0.3887898921966553,11,5,5,3.5141424894332887,3.135447298230704,5,92,0.0476190476190476,0.0362811791383219,4.095238095238095,32,Low,2
gaze_log_20250629_103049.csv,6,0.1202966372172037,0.1663000583648681,2,1,3,13.80928602218628,3.913063534989223,0,35,0.1666666666666666,0.1666666666666666,3.333333333333333,54,Mid,0
gaze_log_20250629_181937.csv,7,0.1406270776476179,0.2496199607849121,3,1,3,9.84558335940043,5.797771935915039,0,40,0.1428571428571428,0.1428571428571428,2.857142857142857,57,Mid,0
gaze_log_20250627_173428.csv,6,0.0923383235931396,0.0972199440002441,3,2,1,8.297345972061157,3.2761752626606,0,27,0.1666666666666666,0.1666666666666666,1.5,34,Low,0
gaze_log_20250629_135707.csv,5,0.0943599224090576,0.1115601062774658,3,1,1,9.528477549552916,8.826044577324943,0,78,0.0,0.0,4.6,49,Mid,0
gaze_log_20250629_180619.csv,4,0.1109799146652221,0.1666898727416992,3,0,1,15.334866603215536,13.569887450660982,0,12,0.0,0.0,2.5,43,Low,0
gaze_log_20250629_112025.csv,3,0.1434233983357747,0.2082500457763672,1,1,1,19.9728000164032,9.52822995185852,0,23,0.0,0.0,2.6666666666666665,55,Mid,0
gaze_log_20250628_120602.csv,3,0.1020033359527587,0.1248400211334228,3,0,0,4.7787699699401855,1.489449977874756,0,15,0.0,0.0,3.6666666666666665,37,Low,0
gaze_log_20250627_133637.csv,5,0.0944720268249511,0.1111800670623779,0,3,2,7.18059241771698,1.9328567803797143,0,52,0.2,0.2,4.0,59,High,0
gaze_log_20250629_122906.csv,9,0.2406833436754014,0.4455699920654297,4,1,4,9.030029982328417,6.33804159629306,0,36,0.0,0.0,4.222222222222222,48,Low,2
gaze_log_20250628_154744.csv,10,0.1040489912033081,0.1663501262664795,2,4,4,5.9542111025916205,4.283196978855597,1,184,0.0,0.0,5.2,43,Low,0
gaze_log_20250628_144218.csv,11,0.0937408750707453,0.1248102188110351,5,4,2,5.6889240026474,3.6993139567854727,0,86,0.1818181818181818,0.1818181818181818,3.636363636363636,47,Low,0
gaze_log_20250628_113354.csv,34,0.1013493958641501,0.4445199966430664,9,10,15,1.868741512298584,2.644474440148783,20,106,0.0588235294117647,0.0242214532871972,3.0294117647058822,58,High,1
gaze_log_20250628_142133.csv,4,0.1076074838638305,0.1666402816772461,4,0,0,7.459330081939697,3.5315181902554524,0,29,0.25,0.25,2.5,45,Low,0
gaze_log_20250629_135506.csv,9,0.1355744732750786,0.3052599430084228,2,4,3,7.538466244935989,5.946326949519186,1,603,0.2222222222222222,0.1975308641975308,3.7777777777777777,43,Low,0
gaze_log_20250627_165704.csv,19,0.0979568079898231,0.1248598098754882,12,6,1,2.0234188901053534,2.213289465067408,9,147,0.1578947368421052,0.0831024930747922,3.631578947368421,48,Low,1
gaze_log_20250628_150709.csv,32,0.0988414958119392,0.1388900279998779,12,6,14,2.1995096668120357,1.6818282354860512,6,94,0.0625,0.05078125,2.0625,53,Mid,1
gaze_log_20250629_134744.csv,7,0.093322856085641,0.1256101131439209,2,1,4,11.442925016085306,8.871811258905044,0,39,0.0,0.0,1.7142857142857142,41,Low,0
gaze_log_20250628_111635.csv,4,0.0831749439239502,0.0832500457763671,2,0,2,18.19574332237244,18.342340231326443,0,105,0.0,0.0,2.75,41,Low,0
gaze_log_20250629_150201.csv,5,0.0859320640563964,0.0972399711608886,3,2,0,9.09815502166748,6.519184598100734,0,50,0.2,0.2,2.6,38,Low,0
gaze_log_20250629_185825.csv,19,0.1043726394050999,0.1528000831604004,9,4,6,3.6731088823742337,2.635387456919355,4,53,0.1052631578947368,0.0831024930747922,2.5789473684210527,44,Low,0
gaze_log_20250628_145923.csv,39,0.1141053713285006,0.3332099914550781,16,9,14,1.8696434246866327,1.9886322748032232,21,457,0.1282051282051282,0.059171597633136,2.7948717948717947,40,Low,1
gaze_log_20250627_142036.csv,5,0.0915779590606689,0.1108999252319336,4,0,1,14.2433699965477,15.849365360218949,0,59,0.2,0.2,1.2,51,Mid,0
gaze_log_20250629_142952.csv,7,0.112814222063337,0.1526899337768554,2,2,3,11.780718326568604,9.625749371586046,0,58,0.0,0.0,2.7142857142857144,54,Mid,0
gaze_log_20250629_152002.csv,8,0.1421449184417724,0.2217800617218017,5,1,2,9.082048552376884,7.6689520904212225,1,87,0.375,0.328125,5.875,39,Low,0
gaze_log_20250627_114113.csv,4,0.1073948740959167,0.1109898090362548,1,2,1,6.323149998982747,1.2053408614163732,0,15,0.0,0.0,3.5,54,Mid,0
gaze_log_20250628_124847.csv,6,0.092358390490214,0.1247501373291015,5,0,1,11.37193202972412,16.387659468364816,0,43,0.0,0.0,1.1666666666666667,36,Low,0
gaze_log_20250629_182156.csv,7,0.1388513701302664,0.3059399127960205,1,2,4,8.884950041770935,5.91527897694823,0,61,0.0,0.0,4.0,55,Mid,0
gaze_log_20250627_164031.csv,18,0.1745861238903469,0.4026501178741455,5,7,6,3.0631164803224453,2.154077706468873,1,81,0.1111111111111111,0.1049382716049382,3.1666666666666665,55,Mid,2
gaze_log_20250629_141647.csv,13,0.1217484474182128,0.2777900695800781,6,3,4,5.664701660474141,3.893190821222272,0,140,0.1538461538461538,0.1538461538461538,2.3076923076923075,53,Mid,0
gaze_log_20250629_145019.csv,8,0.1387112438678741,0.2350201606750488,3,2,3,6.720258576529367,7.785840756867136,0,74,0.125,0.125,4.125,48,Low,0
gaze_log_20250627_115227.csv,4,0.089959979057312,0.1107699871063232,0,2,2,11.574380000432331,8.444923643453288,0,69,0.0,0.0,3.0,29,Low,0
gaze_log_20250629_114726.csv,15,0.0859793186187744,0.0970501899719238,7,0,8,4.216382844107492,6.220841973230112,6,51,0.1333333333333333,0.08,2.333333333333333,53,Mid,0
gaze_log_20250629_182751.csv,7,0.1189742428915841,0.1667098999023437,2,1,4,10.822563330332438,6.636498356486237,0,50,0.1428571428571428,0.1428571428571428,2.7142857142857144,29,Low,0
gaze_log_20250628_150928.csv,41,0.1337941216259467,0.4171199798583984,18,10,13,1.8518380045890808,1.583087868882592,21,691,0.1219512195121951,0.0594883997620463,2.8292682926829267,64,High,1
gaze_log_20250628_165005.csv,3,0.2410834630330403,0.4595801830291748,0,0,3,2.2279149293899536,1.4224549531936646,0,46,0.0,0.0,1.6666666666666667,54,Mid,2
gaze_log_20250629_120643.csv,10,0.1389599561691284,0.2639298439025879,4,2,4,7.988205538855658,4.902827724831739,0,48,0.0,0.0,2.6,55,Mid,0
gaze_log_20250629_132327.csv,40,0.1210047483444213,0.1939098834991455,19,6,15,1.8853364113049629,1.3622281829648444,16,50,0.025,0.015,2.75,56,Mid,1
gaze_log_20250629_183936.csv,3,0.1328865687052408,0.2078397274017334,2,0,1,22.05641508102417,21.67043519020081,0,95,0.6666666666666666,0.6666666666666666,2.333333333333333,31,Low,0
gaze_log_20250629_125317.csv,20,0.1490934967994689,0.2772798538208008,5,8,7,3.467175270381727,2.4332496670417094,2,176,0.15,0.135,4.75,61,High,0
gaze_log_20250628_125757.csv,10,0.0957429885864257,0.1247799396514892,7,1,2,6.700422234005398,5.193028758725092,0,46,0.0,0.0,3.9,38,Low,0
gaze_log_20250628_141513.csv,35,0.1222299916403634,0.2295498847961425,5,15,15,2.125136466587291,3.336668435928029,23,247,0.0857142857142857,0.0293877551020408,2.914285714285714,63,High,1
gaze_log_20250629_114350.csv,16,0.091092512011528,0.1111598014831543,1,3,12,3.023188002904256,3.008913419471181,5,452,0.0625,0.04296875,2.5,48,Low,0
gaze_log_20250627_131532.csv,22,0.2478804588317871,0.8468799591064453,8,4,10,3.4116009644099643,3.21439202196994,3,165,0.1818181818181818,0.1570247933884297,3.227272727272727,71,High,2
gaze_log_20250627_130823.csv,8,0.3231812417507171,0.8753998279571533,3,0,5,9.250268595559255,10.969198280285786,1,90,0.125,0.109375,9.25,66,High,2
gaze_log_20250629_122153.csv,8,0.109483778476715,0.1391301155090332,3,0,5,9.768651417323522,7.630137872080073,0,37,0.0,0.0,4.25,80,High,0
gaze_log_20250628_135330.csv,36,0.2792880535125732,0.9859399795532228,12,13,11,2.0508420058659147,1.9432095915824892,12,3735,0.1388888888888889,0.0925925925925926,3.4444444444444446,58,High,2
gaze_log_20250628_142635.csv,10,0.1208810091018676,0.2643702030181885,3,3,4,6.418696668412951,4.733470160192915,0,65,0.4,0.4,3.1,45,Low,0
gaze_log_20250628_112002.csv,17,0.1354859296013327,0.2222599983215332,8,3,6,4.350086867809296,4.073066630255177,2,73,0.0588235294117647,0.0519031141868512,2.4705882352941178,47,Low,0
gaze_log_20250628_113724.csv,10,0.0930540800094604,0.1111698150634765,4,1,5,6.961606687969631,6.047640174981419,1,36,0.1,0.09,3.3,60,High,0
gaze_log_20250628_170903.csv,3,0.0922865867614746,0.1104497909545898,3,0,0,10.590614914894104,10.090584874153135,0,8,0.0,0.0,3.0,66,High,0
gaze_log_20250629_140716.csv,9,0.1133122444152832,0.1805100440979004,4,3,2,5.510357469320297,6.2511705757485245,0,125,0.2222222222222222,0.2222222222222222,2.888888888888889,37,Low,0
gaze_log_20250628_133347.csv,37,0.1360545738323314,0.7082901000976562,13,6,18,2.04371722539266,2.164027425172417,18,758,0.1081081081081081,0.0555149744338933,2.108108108108108,48,Low,1
gaze_log_20250627_170431.csv,11,0.1509863680059259,0.2082002162933349,6,2,3,7.058696985244751,7.83251297810349,0,25,0.0909090909090909,0.0909090909090909,4.454545454545454,56,Mid,0
gaze_log_20250626_145753.csv,4,0.2397300601005554,0.5285999774932861,0,2,2,3.5783366362253823,3.008409577579658,1,44,0.0,0.0,2.25,87,High,2
gaze_log_20250629_174921.csv,7,0.1031114714486258,0.1390297412872314,1,5,1,7.917251666386922,10.47659542493814,3,28,0.0,0.0,2.7142857142857144,53,Mid,0
gaze_log_20250629_181228.csv,10,0.1109600067138671,0.2637698650360107,7,1,2,7.06808778974745,5.657470385788734,2,59,0.1,0.08,3.0,52,Mid,0
gaze_log_20250629_175419.csv,5,0.0830659866333007,0.0835099220275878,2,0,3,15.80158245563507,16.081219923417002,0,57,0.0,0.0,3.2,46,Low,0
gaze_log_20250628_170121.csv,4,0.0970675349235534,0.1246900558471679,3,1,0,12.103116671244305,9.525080976736222,0,16,0.0,0.0,3.25,44,Low,0
gaze_log_20250627_174326.csv,19,0.1857973901849044,0.4025399684906006,7,6,6,3.829812222056919,3.2044270412290023,4,33,0.1052631578947368,0.0831024930747922,2.789473684210526,43,Low,2
gaze_log_20250627_144030.csv,10,0.1455910205841064,0.2220900058746338,6,3,1,7.361323330137464,8.437538349834364,1,43,0.1,0.09,4.0,61,High,0
gaze_log_20250629_151752.csv,18,0.099286675453186,0.1251099109649658,6,3,9,3.899625301361084,3.506136478659485,5,120,0.1666666666666666,0.1203703703703703,1.7222222222222223,45,Low,0
gaze_log_20250627_142521.csv,9,0.1265267001258002,0.1527700424194336,3,2,4,5.859564989805222,4.359923407865026,0,22,0.1111111111111111,0.1111111111111111,2.6666666666666665,55,Mid,0
gaze_log_20250628_164746.csv,11,0.1348654356869784,0.22160005569458,2,3,6,5.318544006347656,3.198224448342306,1,76,0.0909090909090909,0.0826446280991735,4.0,55,Mid,0
gaze_log_20250627_140646.csv,4,0.0971450805664062,0.1112298965454101,1,2,1,9.041016658147177,3.7376913716852,0,23,0.0,0.0,3.0,52,Mid,0
gaze_log_20250629_184557.csv,3,0.0880765914916992,0.0971598625183105,1,1,1,23.33879494667053,5.491925001144409,0,45,0.0,0.0,3.333333333333333,52,Mid,0
gaze_log_20250629_185107.csv,7,0.104924201965332,0.1803300380706787,4,0,3,9.794336676597595,9.543294230180845,0,38,0.0,0.0,2.571428571428572,54,Mid,0
gaze_log_20250628_140627.csv,3,0.1437900066375732,0.1949901580810547,1,0,2,14.340540051460266,13.881909728050232,0,16,0.3333333333333333,0.3333333333333333,3.6666666666666665,41,Low,0
gaze_log_20250629_131129.csv,42,0.1554516724177769,0.763660192489624,15,9,18,1.7043690274401408,1.4811385747918902,22,911,0.0952380952380952,0.0453514739229024,2.952380952380953,48,Low,1
gaze_log_20250628_162045.csv,33,0.167857264027451,0.4720497131347656,14,8,11,2.199814051389694,1.1782227933477114,7,107,0.1515151515151515,0.1193755739210284,5.0,52,Mid,1
gaze_log_20250629_143804.csv,9,0.1018189059363471,0.1522700786590576,4,2,3,6.433837473392487,5.547043400322701,1,81,0.0,0.0,2.333333333333333,50,Mid,0
gaze_log_20250627_165402.csv,18,0.211215509308709,0.4028501510620117,4,4,10,3.645345884210923,2.0169089048633984,0,93,0.2222222222222222,0.2222222222222222,5.444444444444445,55,Mid,2
gaze_log_20250629_124916.csv,8,0.1317837834358215,0.3470699787139892,3,3,2,9.988295725413732,7.731664503376718,0,59,0.0,0.0,2.625,76,High,0
gaze_log_20250628_123350.csv,14,0.1427207503999982,0.3054900169372558,6,3,5,4.927713082386897,3.87861737621623,2,26,0.0,0.0,3.4285714285714284,49,Mid,0
gaze_log_20250629_122432.csv,12,0.1202533642450968,0.3742499351501465,0,5,7,3.4670627117156982,3.0068529320563666,2,147,0.0,0.0,3.4166666666666665,85,High,0
gaze_log_20250629_135007.csv,6,0.0875300963719685,0.0975100994110107,4,0,2,14.134270000457764,8.239777432864752,0,23,0.0,0.0,1.6666666666666667,51,Mid,0
gaze_log_20250627_164655.csv,4,0.1042474508285522,0.138819932937622,3,0,1,12.197926680246988,10.206677385713744,0,53,0.0,0.0,5.0,45,Low,0
gaze_log_20250629_124452.csv,9,0.2425666650136312,0.5294599533081055,2,3,4,8.245027512311935,5.763021304003814,0,16,0.2222222222222222,0.2222222222222222,3.0,49,Mid,2
gaze_log_20250627_111023.csv,17,0.1323306280023911,0.3057699203491211,7,2,8,3.9030499905347824,4.839328233882959,7,93,0.0,0.0,3.117647058823529,42,Low,0
gaze_log_20250626_155427.csv,35,0.1826662812914167,0.7101502418518066,14,6,15,2.026645295760211,2.205732986677352,15,335,0.0571428571428571,0.0326530612244897,5.685714285714286,52,Mid,1
gaze_log_20250629_124254.csv,18,0.1692777607176039,0.5001001358032227,9,4,5,3.883398224325741,4.445709252186532,1,91,0.2222222222222222,0.2098765432098765,3.6666666666666665,56,Mid,2
gaze_log_20250628_133618.csv,33,0.1264866626623905,0.4443299770355224,13,8,12,2.2306137531995773,1.1364066262215815,8,58,0.1212121212121212,0.0918273645546372,4.636363636363637,31,Low,1
gaze_log_20250627_132215.csv,48,0.1483185241619745,0.3624002933502197,20,10,18,1.558607446386459,0.926156398437206,22,199,0.0625,0.0338541666666666,4.145833333333333,48,Low,1
gaze_log_20250628_160259.csv,7,0.128474337714059,0.2772901058197021,3,0,4,10.539636691411337,6.3062620028670855,0,59,0.1428571428571428,0.1428571428571428,4.714285714285714,76,High,0
gaze_log_20250629_142137.csv,3,0.0971668561299641,0.1111600399017334,1,1,1,18.285069942474365,0.6720800399780273,0,13,0.3333333333333333,0.3333333333333333,3.6666666666666665,44,Low,0
gaze_log_20250629_114211.csv,3,0.1202999750773112,0.1808600425720214,0,0,3,5.84793496131897,2.860454797744751,0,16,0.0,0.0,1.3333333333333333,62,High,0
gaze_log_20250629_112853.csv,7,0.0851156711578369,0.0968596935272216,1,4,2,8.155678351720175,5.615557164468562,0,82,0.2857142857142857,0.2857142857142857,3.0,50,Mid,0
gaze_log_20250627_132807.csv,7,0.1842942919049944,0.5270600318908691,3,1,3,11.238536675771078,8.594565865521194,0,45,0.0,0.0,4.285714285714286,49,Mid,2
gaze_log_20250628_163432.csv,38,0.1284460456747757,0.25,12,11,15,1.754949460158477,1.0044959719040925,18,472,0.0789473684210526,0.0415512465373961,4.7631578947368425,71,High,1
gaze_log_20250629_183353.csv,3,0.0922331809997558,0.1104497909545898,3,0,0,3.4226850271224976,1.5900448560714722,0,12,0.0,0.0,1.6666666666666667,46,Low,0
gaze_log_20250629_130629.csv,29,0.117674786469032,0.1674299240112304,9,7,13,2.5426671419824878,1.9529512669105733,6,109,0.1034482758620689,0.0820451843043995,4.068965517241379,60,High,1
gaze_log_20250628_120052.csv,23,0.1773443429366402,0.6682400703430176,10,6,7,3.225509535182606,2.141589152071646,3,34,0.0434782608695652,0.0378071833648393,4.086956521739131,55,Mid,2
gaze_log_20250629_150532.csv,9,0.1094100210401747,0.139240026473999,2,3,4,7.772818744182587,2.3622607259320696,0,46,0.1111111111111111,0.1111111111111111,2.7777777777777777,55,Mid,0
gaze_log_20250628_165646.csv,12,0.1976358294486999,0.6373598575592041,6,2,4,6.485095435922796,4.220377668033789,0,276,0.1666666666666666,0.1666666666666666,3.75,58,High,2
gaze_log_20250629_183608.csv,34,0.1600632667541504,0.4583897590637207,13,5,16,2.1200242403781777,1.301587470644957,7,299,0.1176470588235294,0.0934256055363321,5.382352941176471,40,Low,1
gaze_log_20250629_184359.csv,24,0.1298774778842926,0.2082297801971435,16,2,6,3.006121739097264,3.089032776328592,5,124,0.125,0.0989583333333333,2.2916666666666665,34,Low,1
gaze_log_20250629_131440.csv,3,0.08773668607076,0.0972299575805664,0,2,1,9.403825163841248,3.918005108833313,0,54,0.3333333333333333,0.3333333333333333,3.333333333333333,70,High,0
gaze_log_20250628_115820.csv,9,0.1139922406938341,0.2359900474548339,1,1,7,7.7641575038433075,9.540135951728525,1,34,0.0,0.0,3.111111111111111,55,Mid,0
gaze_log_20250629_140246.csv,19,0.1548573719827752,0.3883800506591797,9,4,6,3.792408890194363,3.1978331961633053,3,100,0.1052631578947368,0.0886426592797783,4.421052631578948,54,Mid,2
gaze_log_20250628_113538.csv,14,0.1396556752068656,0.2360601425170898,8,3,3,4.778808465370765,3.151342553585352,0,35,0.0714285714285714,0.0714285714285714,2.357142857142857,49,Mid,0
gaze_log_20250628_161828.csv,5,0.1498801231384277,0.2080199718475341,5,0,0,5.437477469444275,5.238109185528326,1,559,0.2,0.16,1.4,46,Low,0
gaze_log_20250627_115104.csv,35,0.126263986315046,0.2079498767852783,11,8,16,2.1418188249363617,1.079497845047535,6,74,0.1714285714285714,0.1420408163265306,3.857142857142857,66,High,1
gaze_log_20250628_105821.csv,22,0.218208605592901,0.7639799118041992,9,3,10,2.8644680863335017,2.1585629156353603,4,75,0.0,0.0,2.9545454545454546,66,High,2
gaze_log_20250628_133940.csv,18,0.0908505784140692,0.1106197834014892,13,2,3,3.826110587400549,4.737961566600886,2,81,0.1666666666666666,0.1481481481481481,3.333333333333333,57,Mid,0
gaze_log_20250629_181224.csv,4,0.0971100330352783,0.1113200187683105,3,0,1,18.416826725006104,20.802246913416496,0,25,0.0,0.0,2.0,51,Mid,0
gaze_log_20250628_140951.csv,10,0.1359630107879638,0.3264698982238769,4,2,4,7.478658888075087,4.3768970591724825,0,142,0.2,0.2,4.5,46,Low,0
gaze_log_20250627_163656.csv,17,0.0986600763657513,0.1251599788665771,12,1,4,4.313635632395744,4.274673801039598,4,138,0.1176470588235294,0.0899653979238754,3.823529411764706,51,Mid,0
gaze_log_20250629_175213.csv,39,0.2226317417927277,0.695310115814209,32,6,1,1.2884105255729277,2.004274517604366,32,1931,0.1538461538461538,0.0276134122287968,5.17948717948718,70,High,1
gaze_log_20250627_102445.csv,22,0.1078118302605368,0.1946399211883545,16,1,5,3.060859055746169,5.377603085318908,9,124,0.1363636363636363,0.0805785123966942,2.909090909090909,61,High,1
gaze_log_20250629_123241.csv,9,0.2003745237986246,0.4717001914978027,3,3,3,5.304241240024567,3.7003440320945993,0,12,0.0,0.0,2.4444444444444446,64,High,2
gaze_log_20250628_114640.csv,8,0.1352987885475158,0.1943798065185547,5,2,1,9.077458586011614,9.33450802668582,0,50,0.125,0.125,2.25,34,Low,0
gaze_log_20250628_143532.csv,4,0.0867975354194641,0.0968101024627685,2,1,1,13.65269660949707,11.49966491604672,0,74,0.0,0.0,3.25,71,High,0
gaze_log_20250628_161023.csv,8,0.1456451117992401,0.2501401901245117,3,1,4,9.414812871388026,6.956462290314547,0,54,0.125,0.125,4.75,48,Low,0
gaze_log_20250627_141147.csv,12,0.1074484189351399,0.1804502010345459,6,2,4,6.231398192319003,5.463199795313099,0,169,0.0,0.0,2.75,56,Mid,0
gaze_log_20250627_143142.csv,14,0.0947721855981009,0.1108901500701904,8,2,4,5.315242308836717,4.584022293228603,1,41,0.1428571428571428,0.1326530612244898,3.142857142857143,61,High,0
gaze_log_20250629_144032.csv,3,0.0851366519927978,0.0888400077819824,0,2,1,8.998019933700562,0.2912600040435791,0,40,0.3333333333333333,0.3333333333333333,1.0,60,High,0
gaze_log_20250629_151359.csv,6,0.115885059038798,0.125,1,0,5,10.545074033737183,10.954602014647442,0,99,0.0,0.0,3.6666666666666665,48,Low,0
gaze_log_20250629_182833.csv,10,0.1862600326538085,0.3478097915649414,0,10,0,0.9663855499691434,1.4045430040373144,7,301,0.0,0.0,3.4,37,Low,2
gaze_log_20250628_135207.csv,12,0.1726516485214233,0.5137598514556885,2,4,6,5.880266384644941,6.095953897325543,1,35,0.0833333333333333,0.0763888888888888,2.833333333333333,41,Low,2
gaze_log_20250628_114034.csv,5,0.1052219867706298,0.1383399963378906,5,0,0,5.33032500743866,4.129357466847068,0,54,0.2,0.2,5.2,58,High,0
gaze_log_20250628_161252.csv,11,0.1421454169533469,0.333359956741333,2,2,7,5.334907007217407,6.493602109931055,5,108,0.3636363636363636,0.1983471074380165,3.8181818181818175,55,Mid,0
gaze_log_20250629_123838.csv,5,0.1248780250549316,0.222059965133667,1,2,2,13.82756495475769,6.633592573173349,0,42,0.0,0.0,2.4,52,Mid,0
gaze_log_20250628_114424.csv,8,0.1993812918663025,0.7083001136779785,2,1,5,7.329485722950527,7.935265888137849,3,16,0.0,0.0,2.625,54,Mid,2
gaze_log_20250628_170613.csv,20,0.1128489851951599,0.1664199829101562,5,7,8,3.579064733103702,2.658981073567021,1,68,0.1,0.095,4.15,49,Mid,0
gaze_log_20250628_171243.csv,25,0.1672147750854492,0.3053998947143554,7,5,13,2.7865854104359946,2.146106471230325,3,1208,0.08,0.0704,4.72,72,High,2
gaze_log_20250629_125119.csv,20,0.1896325349807739,0.7361400127410889,6,7,7,3.638918412359138,4.342423093230526,6,144,0.05,0.0349999999999999,3.1,62,High,2
gaze_log_20250628_134326.csv,4,0.120867371559143,0.1652898788452148,2,0,2,22.45909333229065,13.399151617166334,0,23,0.0,0.0,3.75,64,High,0
gaze_log_20250629_191443.csv,12,0.1730058789253235,0.6665000915527344,5,4,3,5.508937272158536,3.765845516832292,1,213,0.1666666666666666,0.1527777777777777,5.166666666666667,49,Mid,2
gaze_log_20250628_141208.csv,22,0.1743794788013805,0.6392099857330322,8,7,7,3.358638570422218,3.0239562761499945,3,55,0.1363636363636363,0.1177685950413223,3.6818181818181817,64,High,2
gaze_log_20250629_140542.csv,4,0.100705087184906,0.1249301433563232,3,0,1,13.491443316141764,8.943718498748074,0,21,0.0,0.0,3.75,35,Low,0
gaze_log_20250628_171446.csv,10,0.1317970514297485,0.1938400268554687,3,4,3,5.797997792561849,8.008777965766898,0,55,0.0,0.0,2.9,55,Mid,0
gaze_log_20250629_134214.csv,3,0.2728333473205566,0.6385798454284668,1,2,0,16.44471502304077,8.582504987716675,0,75,0.0,0.0,5.666666666666667,43,Low,2
gaze_log_20250629_153728.csv,7,0.1675642558506556,0.2633299827575683,1,1,5,8.192153334617615,11.20462979691618,2,137,0.4285714285714285,0.3061224489795918,6.142857142857143,43,Low,2
gaze_log_20250627_113842.csv,17,0.1230853024651022,0.472020149230957,10,3,4,4.3828125,4.329253873365127,3,190,0.0588235294117647,0.0484429065743944,5.588235294117647,72,High,0
gaze_log_20250629_150802.csv,26,0.1369546468441303,0.3974699974060058,16,3,7,2.863982801437378,2.182915387002548,5,208,0.1153846153846153,0.0931952662721893,3.3461538461538463,63,High,1
gaze_log_20250627_120906.csv,5,0.105419921875,0.1253399848937988,2,1,2,13.778132498264313,9.070860078579557,0,97,0.2,0.2,3.0,48,Low,0
gaze_log_20250628_155452.csv,6,0.129433274269104,0.2354199886322021,1,1,4,10.35307002067566,7.118380593646295,0,33,0.0,0.0,3.5,48,Low,0
gaze_log_20250629_115146.csv,4,0.0970951914787292,0.1108002662658691,1,1,2,18.431286652882893,9.25910857858258,0,22,0.0,0.0,2.25,62,High,0
gaze_log_20250626_150533.csv,28,0.0986646328653608,0.1849198341369629,8,1,19,2.732300378658153,3.605791265263456,12,120,0.0357142857142857,0.0204081632653061,3.7142857142857135,75,High,1
gaze_log_20250629_135651.csv,10,0.1651170253753662,0.6388499736785889,0,2,8,4.208701107237074,3.526061745792327,0,59,0.1,0.1,2.7,44,Low,2
gaze_log_20250628_151750.csv,6,0.1107600132624308,0.1519100666046142,4,1,1,10.736700010299682,8.405544263655655,0,36,0.3333333333333333,0.3333333333333333,3.6666666666666665,57,Mid,0
gaze_log_20250628_164927.csv,48,0.1204556326071421,0.2640900611877441,25,8,15,1.5257646783869316,1.1579934186043097,28,204,0.0833333333333333,0.0347222222222222,3.395833333333333,65,High,1
gaze_log_20250629_121634.csv,5,0.1218039512634277,0.23580002784729,3,1,1,15.826810002326964,11.729629283102708,0,35,0.0,0.0,4.4,74,High,0
gaze_log_20250628_133658.csv,6,0.1526000499725341,0.4165198802947998,2,1,3,8.983554029464722,5.587257453589275,0,41,0.0,0.0,3.0,61,High,0
gaze_log_20250629_185223.csv,4,0.0863150954246521,0.0970301628112793,0,1,3,10.273463328679403,4.9464972168067165,0,92,0.25,0.25,3.75,57,Mid,0
gaze_log_20250627_111711.csv,40,0.1044712543487548,0.1714999675750732,13,15,12,1.89211307427822,1.7953764078716683,18,120,0.175,0.09625,3.8,47,Low,1
gaze_log_20250629_122739.csv,41,0.1847602448812345,0.4578602313995361,16,10,15,1.8629122495651245,1.003647363455367,17,213,0.048780487804878,0.0285544318857822,5.463414634146342,52,Mid,1
gaze_log_20250628_140715.csv,16,0.0891831070184707,0.1109099388122558,6,1,9,4.100177335739136,4.834983870309023,2,146,0.0,0.0,3.3125,55,Mid,0
gaze_log_20250626_161310.csv,9,0.1418756908840603,0.3749203681945801,4,2,3,6.468683749437332,4.021121707145383,0,38,0.1111111111111111,0.1111111111111111,3.555555555555556,32,Low,0
gaze_log_20250629_185544.csv,9,0.1180588934156629,0.305809736251831,3,1,5,8.050693720579147,5.217783748074987,0,60,0.1111111111111111,0.1111111111111111,2.7777777777777777,54,Mid,0
gaze_log_20250628_110447.csv,26,0.1139257596089289,0.3196899890899658,4,5,17,2.2040303993225097,2.04253308033051,11,100,0.0769230769230769,0.044378698224852,3.230769230769231,52,Mid,1
gaze_log_20250629_154645.csv,43,0.1332092950510424,0.291179895401001,8,9,26,1.5671352375121343,1.468605923764006,27,374,0.0697674418604651,0.0259599783666846,5.953488372093023,59,High,1
gaze_log_20250629_142741.csv,19,0.0949147375006424,0.1382899284362793,8,5,6,3.4313405487272477,3.277203837973114,3,806,0.1052631578947368,0.0886426592797783,2.631578947368421,39,Low,0
gaze_log_20250628_143802.csv,3,0.0926466782887776,0.1113200187683105,1,1,1,23.814064979553223,5.282395124435425,0,27,0.0,0.0,3.333333333333333,59,High,0
gaze_log_20250628_122754.csv,10,0.115056037902832,0.1940300464630127,5,0,5,18.951247771581013,35.68813565843354,1,553,0.0,0.0,2.9,86,High,0
gaze_log_20250627_134816.csv,32,0.1191199719905853,0.1944599151611328,19,4,9,2.1820458058388,1.4791340673528592,9,90,0.09375,0.0673828125,4.28125,57,Mid,1
gaze_log_20250628_163905.csv,6,0.1109782854715983,0.1944398880004882,4,0,2,8.822624015808106,7.027124328527298,0,47,0.0,0.0,3.5,54,Mid,0
gaze_log_20250628_115307.csv,28,0.1645274673189435,0.4165799617767334,8,6,14,2.4934207421761974,1.9416082227935196,8,46,0.0357142857142857,0.0255102040816326,4.107142857142857,66,High,1
gaze_log_20250627_183338.csv,5,0.1924980640411377,0.4723501205444336,1,2,2,9.79158502817154,7.383800649887451,0,113,0.2,0.2,4.0,68,High,2
gaze_log_20250629_115633.csv,17,0.1076811622170841,0.3192896842956543,7,3,7,4.189343750476837,2.735495260905965,1,64,0.0588235294117647,0.0553633217993079,2.588235294117647,56,Mid,0
gaze_log_20250627_121439.csv,5,0.0915218830108642,0.1110398769378662,2,1,2,10.54126250743866,4.98688810803448,0,102,0.0,0.0,5.2,22,Low,0
gaze_log_20250629_152021.csv,10,0.098268985748291,0.1249299049377441,6,0,4,5.441369983885023,7.173710547230385,2,93,0.0,0.0,4.5,61,High,0
gaze_log_20250629_181721.csv,13,0.1363922816056471,0.2762598991394043,5,2,6,5.83583668867747,5.245158361321237,1,65,0.0769230769230769,0.0710059171597633,3.1538461538461537,57,Mid,0
gaze_log_20250629_145011.csv,6,0.0877917210261027,0.0970699787139892,3,1,2,10.43099398612976,9.103729727963763,1,44,0.0,0.0,3.1666666666666665,62,High,0
gaze_log_20250629_133018.csv,21,0.0904795782906668,0.1111402511596679,6,5,10,3.3958755016326903,2.08202920235686,2,95,0.1904761904761904,0.1723356009070294,3.1904761904761907,54,Mid,0
gaze_log_20250629_132110.csv,12,0.0959566235542297,0.1390802860260009,3,2,7,5.785590908744118,4.313431106492986,2,110,0.1666666666666666,0.1388888888888889,3.75,57,Mid,0
gaze_log_20250627_134154.csv,4,0.1004799604415893,0.1247699260711669,2,0,2,23.47761996587117,15.552852078041616,0,28,0.0,0.0,3.25,48,Low,0
gaze_log_20250629_144723.csv,3,0.0832834243774414,0.083320140838623,1,1,1,16.84793496131897,2.959285020828247,0,24,0.0,0.0,4.0,58,High,0
gaze_log_20250627_140155.csv,5,0.1469799995422363,0.2081401348114013,2,0,3,9.229210019111632,10.25424662008416,0,9,0.0,0.0,2.8,50,Mid,0
gaze_log_20250628_163712.csv,7,0.1447343145098005,0.2218098640441894,3,2,2,10.62291665871938,10.908578542337372,0,130,0.0,0.0,3.2857142857142856,56,Mid,0
gaze_log_20250627_103246.csv,16,0.0884187072515487,0.1242897510528564,9,3,4,4.30543867746989,5.789831676522961,2,191,0.0,0.0,5.125,65,High,0
gaze_log_20250628_132824.csv,41,0.2345407532482612,0.7922401428222656,14,11,16,1.8285217523574828,1.1679427316908046,15,168,0.1463414634146341,0.0928019036287923,4.7317073170731705,31,Low,1
gaze_log_20250628_164337.csv,31,0.1060525525000787,0.1526198387145996,10,3,18,2.3727796634038287,2.045211578545364,10,230,0.064516129032258,0.0437044745057232,5.064516129032258,64,High,1
gaze_log_20250629_153440.csv,23,0.1085422142692234,0.2499301433563232,4,9,10,2.808223193342036,2.57618846627683,10,196,0.1304347826086956,0.0737240075614366,3.3043478260869565,64,High,1
gaze_log_20250629_121940.csv,8,0.1317624747753143,0.2493400573730468,1,3,4,9.444897140775408,7.441919203898924,0,37,0.0,0.0,2.5,32,Low,0
gaze_log_20250629_124144.csv,4,0.2046924829483032,0.2775700092315674,1,1,2,17.394453366597492,14.260257123007,0,25,0.0,0.0,3.0,65,High,2
gaze_log_20250629_182556.csv,29,0.0959120290032748,0.152829885482788,12,7,10,2.38500714302063,1.6156563282720229,6,146,0.1034482758620689,0.0820451843043995,2.2758620689655173,65,High,1
gaze_log_20250627_144326.csv,7,0.1370629242488316,0.3191802501678467,3,2,2,8.703891634941101,5.030146042319067,0,32,0.1428571428571428,0.1428571428571428,4.285714285714286,50,Mid,0
gaze_log_20250628_122940.csv,5,0.086125898361206,0.0971903800964355,3,1,1,9.639280021190643,6.846263927053504,0,33,0.2,0.2,2.2,58,High,0
gaze_log_20250627_123744.csv,9,0.0846511258019341,0.0970900058746337,4,1,4,8.158104985952377,6.289638689630007,0,51,0.0,0.0,3.0,55,Mid,0
gaze_log_20250628_125803.csv,3,0.0915166536966959,0.096869945526123,1,2,0,8.848909854888916,3.036790132522583,0,26,0.3333333333333333,0.3333333333333333,1.6666666666666667,57,Mid,0
gaze_log_20250629_122522.csv,25,0.1187648010253906,0.4305300712585449,6,7,12,2.625720818837484,2.537493613708209,5,86,0.08,0.064,3.0,65,High,1
gaze_log_20250629_184118.csv,11,0.0934382568706165,0.1529901027679443,0,4,7,3.764309024810791,2.165513199530053,0,83,0.0,0.0,3.272727272727273,42,Low,0
gaze_log_20250627_183652.csv,18,0.111686110496521,0.2635300159454345,7,3,8,3.831022935755112,2.3493823494654458,0,78,0.1111111111111111,0.1111111111111111,4.222222222222222,62,High,0
gaze_log_20250627_113533.csv,8,0.3075062036514282,0.9444198608398438,5,2,1,6.519608565739223,8.725849530736186,0,141,0.125,0.125,8.375,52,Mid,2
gaze_log_20250627_164036.csv,30,0.1085803190867106,0.1805000305175781,12,7,11,2.5234882749360183,1.8192123197182477,8,69,0.1,0.0733333333333333,3.333333333333333,51,Mid,1
gaze_log_20250627_174209.csv,3,0.1629632314046224,0.2807197570800781,1,1,1,19.514599919319156,14.348590016365051,0,16,0.3333333333333333,0.3333333333333333,3.6666666666666665,52,Mid,0
gaze_log_20250627_115813.csv,8,0.1418774724006652,0.2360799312591552,4,4,0,4.916827167783465,3.140360693293501,1,108,0.125,0.109375,3.5,66,High,0
gaze_log_20250628_111745.csv,3,0.0876866181691487,0.096869945526123,2,0,1,21.632060050964355,0.7009599208831787,0,41,0.0,0.0,4.333333333333333,42,Low,0
gaze_log_20250629_193306.csv,5,0.1371940612792968,0.2081899642944336,1,1,3,14.118975043296814,5.424742105079821,0,29,0.2,0.2,5.0,53,Mid,0
gaze_log_20250628_150255.csv,27,0.109311474694146,0.1658802032470703,11,5,11,2.5840311508912306,2.3901405858535787,10,109,0.074074074074074,0.046639231824417,2.925925925925926,50,Mid,1
gaze_log_20250628_161506.csv,9,0.2528834078047011,0.4997501373291015,4,1,4,8.595888763666153,4.304954362793759,0,193,0.0,0.0,5.888888888888889,53,Mid,2
gaze_log_20250628_135745.csv,20,0.1068309903144836,0.1808302402496338,12,2,6,3.5227773691478528,2.9667797027440024,4,204,0.1,0.08,3.05,51,Mid,0
gaze_log_20250628_142526.csv,18,0.144136627515157,0.4860298633575439,3,4,11,3.665225295459523,2.862214421016683,2,88,0.0,0.0,2.2222222222222223,49,Mid,0
gaze_log_20250628_142254.csv,20,0.1297369599342346,0.3884499073028564,7,2,11,3.829919476258128,3.3212026522279725,2,170,0.05,0.045,4.15,54,Mid,0
gaze_log_20250629_180743.csv,47,0.15458212507532,0.2757401466369629,20,11,16,1.5139534784399944,0.7254846151167299,24,115,0.0851063829787234,0.0416478044363965,3.893617021276596,56,Mid,1
gaze_log_20250629_114650.csv,20,0.1562530159950256,0.805959939956665,4,5,11,3.1352742094742623,2.588791993893662,2,142,0.15,0.135,3.1,60,High,2
gaze_log_20250629_180025.csv,38,0.1821510854520295,0.6385200023651123,13,11,14,1.636372707985543,1.5125640581437565,18,473,0.131578947368421,0.0692520775623268,2.736842105263158,70,High,1
gaze_log_20250628_111426.csv,31,0.1476319759122787,0.3052101135253906,11,6,14,2.372726003328959,2.494143270021267,11,225,0.1290322580645161,0.0832466181061394,3.645161290322581,62,High,1
gaze_log_20250627_182952.csv,4,0.1554699540138244,0.2777099609375,0,1,3,5.438923358917236,3.420727490274658,0,122,0.25,0.25,3.75,35,Low,0
gaze_log_20250629_125855.csv,4,0.117977499961853,0.1386399269104004,4,0,0,3.240363279978434,2.1542313174530463,0,53,0.25,0.25,3.5,67,High,0
gaze_log_20250628_154434.csv,17,0.0988235193140366,0.1944899559020996,8,2,7,4.282220005989075,2.67023617147212,0,281,0.1176470588235294,0.1176470588235294,3.0588235294117645,46,Low,0
gaze_log_20250629_183843.csv,15,0.0887839794158935,0.0972199440002441,4,3,8,4.927722130502973,4.661009698728561,4,95,0.0666666666666666,0.0488888888888888,2.2,58,High,0
gaze_log_20250627_135109.csv,18,0.1190461450152927,0.1530399322509765,7,4,7,4.103961187250474,3.0863976635552093,2,34,0.0555555555555555,0.0493827160493827,3.555555555555556,55,Mid,0
gaze_log_20250629_124753.csv,3,0.1017467180887858,0.1246399879455566,1,1,1,24.139625072479248,7.817924976348877,0,132,0.0,0.0,4.0,59,High,0
gaze_log_20250628_152534.csv,13,0.0863323028271014,0.0971498489379882,6,0,7,5.52326250076294,8.21741391347411,2,187,0.0,0.0,4.0,52,Mid,0
gaze_log_20250628_162321.csv,7,0.095059973852975,0.1109101772308349,1,0,6,10.29912002881368,15.234619133198246,0,53,0.0,0.0,3.571428571428572,52,Mid,0
gaze_log_20250628_131037.csv,14,0.151700701032366,0.2915999889373779,4,7,3,4.926401541783259,5.103105190163865,1,48,0.0714285714285714,0.0663265306122449,3.7142857142857135,35,Low,0
gaze_log_20250629_180243.csv,4,0.0865476131439209,0.0970001220703125,3,1,0,11.065829992294312,7.761401649252568,0,14,0.0,0.0,2.25,64,High,0
gaze_log_20250628_163215.csv,8,0.1093887984752655,0.1388401985168457,3,1,4,9.865448611123222,5.137947722446814,0,72,0.0,0.0,4.25,46,Low,0
gaze_log_20250627_144026.csv,4,0.0859999656677246,0.0946600437164306,1,1,2,12.866820017496744,4.085179569532955,0,43,0.25,0.25,2.0,40,Low,0
gaze_log_20250629_135956.csv,16,0.1395500153303146,0.4862899780273437,4,4,8,4.489057985941569,4.783011523400698,1,96,0.0,0.0,4.1875,63,High,0
gaze_log_20250628_110827.csv,19,0.1227515371222245,0.2789199352264404,6,2,11,3.402841673956977,3.4468983141275795,4,125,0.1052631578947368,0.0831024930747922,3.526315789473684,57,Mid,0
gaze_log_20250628_112214.csv,17,0.0922388048732981,0.1117901802062988,8,5,4,4.525430008769035,3.482785666337084,1,35,0.0588235294117647,0.0553633217993079,2.588235294117647,53,Mid,0
gaze_log_20250629_135348.csv,5,0.0943439960479736,0.0973098278045654,1,4,0,4.465385019779205,2.029802279494608,0,39,0.0,0.0,4.2,62,High,0
gaze_log_20250627_171856.csv,5,0.0972360134124755,0.1121296882629394,2,2,1,9.836484968662262,7.592581610364564,0,60,0.2,0.2,4.2,61,High,0
gaze_log_20250628_135522.csv,9,0.2153510782453749,0.4158101081848144,0,3,6,4.600882530212402,4.106604360274066,0,26,0.2222222222222222,0.2222222222222222,4.444444444444445,29,Low,2
gaze_log_20250628_170056.csv,10,0.1277119398117065,0.1803998947143554,2,7,1,3.814824448691474,6.837886036484764,5,110,0.0,0.0,3.8,64,High,0
gaze_log_20250628_153128.csv,24,0.1259874900182088,0.2911202907562256,10,8,6,3.113633922908617,2.48714429872865,3,139,0.0,0.0,3.083333333333333,44,Low,0
gaze_log_20250628_134616.csv,8,0.0989099740982055,0.1249599456787109,4,2,2,8.787942852292742,5.171885215092673,0,82,0.0,0.0,4.0,67,High,0
gaze_log_20250628_141712.csv,34,0.1068299938650692,0.3053998947143554,17,6,11,2.169308178352587,1.7462621980759192,8,272,0.1764705882352941,0.1349480968858131,3.9705882352941178,68,High,1
gaze_log_20250629_154944.csv,5,0.1359960556030273,0.2218997478485107,3,1,1,7.145685017108917,4.257611963976669,0,45,0.4,0.4,4.0,50,Mid,0
gaze_log_20250628_171028.csv,16,0.1127949506044387,0.2913899421691894,14,1,1,4.477900664011638,7.04159054789623,6,407,0.0,0.0,3.875,56,Mid,0
gaze_log_20250627_171511.csv,15,0.1212419509887695,0.1942698955535888,5,2,8,4.324477144650051,2.258077369291952,0,38,0.2666666666666666,0.2666666666666666,3.733333333333333,46,Low,0
gaze_log_20250629_133458.csv,6,0.0923049847284952,0.1110799312591552,3,2,1,9.567154026031494,3.026568797554901,0,21,0.0,0.0,2.6666666666666665,52,Mid,0
gaze_log_20250627_142858.csv,18,0.1271283096737331,0.2084701061248779,2,10,6,2.929001766092637,3.9148023179158487,7,197,0.0555555555555555,0.0339506172839506,5.777777777777778,43,Low,1
gaze_log_20250628_165855.csv,35,0.1566568987710135,0.7916197776794434,16,3,16,2.0380676423802093,2.332544969468651,21,282,0.0571428571428571,0.0228571428571428,4.0285714285714285,61,High,1
gaze_log_20250628_165138.csv,8,0.1195462644100189,0.2499198913574218,5,2,1,6.126978601728167,4.775044821756707,0,277,0.125,0.125,4.0,68,High,0
gaze_log_20250629_113559.csv,16,0.1751805990934372,0.6387901306152344,9,4,3,4.637214024861653,2.8103602990437526,0,89,0.1875,0.1875,2.125,33,Low,2
gaze_log_20250629_142514.csv,33,0.1015009374329538,0.1661901473999023,17,8,8,2.230124369263649,1.609641058539364,10,274,0.0606060606060606,0.0422405876951331,4.606060606060606,52,Mid,1
gaze_log_20250628_164144.csv,12,0.1999191443125406,0.4166102409362793,4,3,5,6.002716389569369,3.7139200359260096,0,29,0.0833333333333333,0.0833333333333333,4.166666666666667,56,Mid,2
gaze_log_20250627_143559.csv,12,0.1157567103703816,0.2637500762939453,7,1,4,6.772875460711393,6.805868602858991,3,97,0.0,0.0,1.8333333333333333,60,High,0
gaze_log_20250628_153924.csv,13,0.1162100571852464,0.1526100635528564,4,3,6,5.818561653296153,5.087267973398532,0,45,0.0,0.0,4.076923076923077,59,High,0
gaze_log_20250627_141428.csv,9,0.1172344949510362,0.2357103824615478,4,3,2,8.429133772850037,8.193227295630003,0,56,0.2222222222222222,0.2222222222222222,3.0,58,High,0
gaze_log_20250629_120353.csv,34,0.1513785193948184,0.2634601593017578,17,9,8,2.0787445415150034,1.4303397065343322,12,128,0.0588235294117647,0.0380622837370242,4.205882352941177,42,Low,1
gaze_log_20250628_172257.csv,13,0.1578977841597337,0.4166798591613769,5,2,6,6.038368324438731,4.792545390647535,0,21,0.1538461538461538,0.1538461538461538,3.923076923076923,37,Low,0
gaze_log_20250629_124445.csv,10,0.0985710144042968,0.1387102603912353,7,1,2,6.011097802056207,3.1421616377903274,0,42,0.2,0.2,3.3,50,Mid,0
gaze_log_20250629_150307.csv,12,0.1411899328231811,0.2638401985168457,1,2,9,4.811998172239824,4.453671205917974,2,145,0.0,0.0,5.833333333333333,62,High,0
gaze_log_20250629_112254.csv,25,0.2021955871582031,0.5972802639007568,15,4,6,2.4120437502861023,2.7311980837233727,10,498,0.2,0.12,4.36,68,High,1
gaze_log_20250628_141927.csv,17,0.105995823355282,0.1524000167846679,4,4,9,4.292736262083054,3.2989373992264324,0,115,0.0,0.0,3.588235294117647,52,Mid,0
gaze_log_20250629_182243.csv,5,0.2554219722747802,0.2916300296783447,3,0,2,15.409749984741213,6.683760176215871,0,21,0.0,0.0,3.8,27,Low,2
gaze_log_20250629_184626.csv,21,0.2214047795250302,0.5552797317504883,6,8,7,3.2042225122451784,3.3982179385613427,5,608,0.0952380952380952,0.0725623582766439,1.9047619047619049,61,High,2
gaze_log_20250628_140032.csv,12,0.1179091334342956,0.1804399490356445,3,3,6,4.636514555324208,2.8454657309313798,0,44,0.0,0.0,3.583333333333333,51,Mid,0
gaze_log_20250629_122208.csv,29,0.2738207044272587,0.9864299297332764,8,9,12,2.336426786014012,2.7340498093654757,15,1066,0.0344827586206896,0.0166468489892984,2.0,45,Low,2
