file name,total_blinks,blink duration (mean),blink duration (max),earlyStage_blinks,midStage_blinks,lateStage_blinks,inter-blink intervals (mean),inter-blink intervals (std),burst counts,mismatch Counts,blink ratio near switch,naturalness score,grid counts per blink (mean),Stress Score
gaze_log_20250628_132251.csv,4,0.09676003456115723,0.1234898567199707,2,0,2,20.036853392918903,13.21612417991576,0,20,0.0,0.0,2.5,57
gaze_log_20250627_113942.csv,13,0.08971073077275203,0.11132001876831055,1,4,8,5.421695828437805,6.988994510490761,0,49,0.07692307692307693,0.07692307692307693,2.076923076923077,35
gaze_log_20250628_151245.csv,27,0.0903685004622848,0.11088013648986816,10,4,13,2.5471034600184512,2.0992695298204103,6,64,0.1111111111111111,0.08641975308641975,2.7777777777777777,44
gaze_log_20250628_152604.csv,44,0.2651686126535589,0.8324699401855469,12,9,23,1.6622265106023744,1.1544671401312925,20,456,0.11363636363636363,0.06198347107438016,3.8181818181818183,47
gaze_log_20250629_134116.csv,7,0.30990716389247347,0.7092199325561523,2,0,5,10.77858833471934,17.643180380157986,2,187,0.0,0.0,6.0,80
gaze_log_20250629_141012.csv,9,0.11103558540344238,0.1526198387145996,4,1,4,8.878636240959167,6.875496604820271,0,29,0.1111111111111111,0.1111111111111111,3.2222222222222223,55
gaze_log_20250628_123215.csv,44,0.13615252754905008,0.31989002227783203,14,13,17,1.5775658141734987,1.6335448584053889,26,466,0.1590909090909091,0.06508264462809916,5.181818181818182,35
gaze_log_20250629_153403.csv,7,0.09687430518014091,0.11144018173217773,2,1,4,11.199751694997152,8.176690224541161,0,22,0.14285714285714285,0.14285714285714285,2.4285714285714284,60
gaze_log_20250629_181948.csv,4,0.09003239870071411,0.11100983619689941,1,2,1,16.355950037638348,8.736048606063433,0,25,0.0,0.0,3.75,57
gaze_log_20250627_130744.csv,13,0.2503653673025278,0.6703698635101318,6,2,5,5.021762510140737,4.671317607833519,1,69,0.07692307692307693,0.07100591715976332,3.230769230769231,55
gaze_log_20250628_125506.csv,5,0.09992418289184571,0.11217021942138672,5,0,0,5.063099980354309,7.95216753269788,2,34,0.0,0.0,3.4,50
gaze_log_20250628_124618.csv,9,0.1591054598490397,0.2635800838470459,5,3,1,6.788752496242523,6.59611065779734,1,402,0.0,0.0,4.555555555555555,58
gaze_log_20250629_120016.csv,3,0.12544353802998862,0.1400001049041748,1,0,2,23.2719749212265,4.123584866523743,0,55,0.0,0.0,3.3333333333333335,38
gaze_log_20250629_131127.csv,8,0.17352241277694702,0.27653002738952637,3,4,1,6.618954249790737,3.9135291526823774,0,39,0.125,0.125,2.125,55
gaze_log_20250627_101809.csv,29,0.15199484496281065,0.31959009170532227,12,4,13,2.5502778632300243,1.1014962713428478,1,98,0.13793103448275862,0.13317479191438764,2.6551724137931036,49
gaze_log_20250627_133850.csv,38,0.19456396604839124,0.6825897693634033,16,10,12,1.947058104180001,1.5679986641608137,18,87,0.05263157894736842,0.02770083102493075,3.473684210526316,49
gaze_log_20250628_123808.csv,12,0.15027664105097452,0.24957013130187988,8,2,2,5.810760021209717,4.407462450540412,0,86,0.08333333333333333,0.08333333333333333,4.916666666666667,48
gaze_log_20250628_113920.csv,24,0.11977878212928772,0.16711974143981934,4,7,13,2.824424349743387,2.8531249731581023,9,118,0.16666666666666666,0.10416666666666666,3.625,55
gaze_log_20250628_114901.csv,8,0.16107627749443054,0.3745899200439453,0,2,6,4.823494264057705,7.0581500974932005,4,182,0.125,0.0625,2.375,70
gaze_log_20250628_171009.csv,22,0.1153527173128995,0.19532990455627441,8,7,7,3.1146280879066106,2.0365211510774217,4,48,0.13636363636363635,0.11157024793388429,3.090909090909091,42
gaze_log_20250629_121256.csv,27,0.10428927562854907,0.15229010581970215,10,4,13,2.795533849642827,2.333274659603067,4,60,0.07407407407407407,0.06310013717421124,3.5925925925925926,65
gaze_log_20250628_103851.csv,4,0.11150741577148438,0.16722989082336426,1,1,2,11.184170007705688,4.647741568547741,0,34,0.25,0.25,3.5,64
gaze_log_20250629_182927.csv,17,0.10842349950005026,0.166489839553833,9,1,7,4.557426884770393,4.201026838456437,3,162,0.0,0.0,3.411764705882353,58
gaze_log_20250627_172038.csv,9,0.09840223524305555,0.1380300521850586,3,4,2,6.290236264467239,7.715594978043593,0,85,0.0,0.0,4.111111111111111,55
gaze_log_20250628_144058.csv,10,0.12765200138092042,0.23553013801574707,4,2,4,6.610047764248318,5.682166235754527,0,30,0.1,0.1,2.3,50
gaze_log_20250629_150337.csv,67,0.10790702478209538,0.16759014129638672,28,15,24,1.1270913644270464,0.9721340013094426,54,311,0.05970149253731343,0.011583871686344397,2.5970149253731343,44
gaze_log_20250627_102118.csv,15,0.12204198837280274,0.2637498378753662,0,4,11,2.981386423110962,3.6539829516139704,8,56,0.06666666666666667,0.03111111111111111,3.3333333333333335,58
gaze_log_20250627_131717.csv,25,0.13217198371887207,0.40327000617980957,8,9,8,5.38306000828743,10.70101239058242,7,468,0.08,0.0576,3.56,84
gaze_log_20250629_112538.csv,3,0.09213002522786458,0.09696006774902344,2,0,1,27.827035069465637,13.172454953193665,0,28,0.0,0.0,6.0,60
gaze_log_20250628_134829.csv,5,0.16123199462890625,0.19405007362365723,0,1,4,7.197912514209747,2.8696394807326544,0,62,0.0,0.0,5.6,57
gaze_log_20250628_142405.csv,13,0.14720538946298453,0.2494800090789795,4,3,6,4.8417016466458636,2.3573632932132496,0,32,0.15384615384615385,0.15384615384615385,4.461538461538462,52
gaze_log_20250629_181231.csv,7,0.09893720490591866,0.12399005889892578,4,3,0,6.859291672706604,5.488130476462343,0,107,0.14285714285714285,0.14285714285714285,3.142857142857143,30
gaze_log_20250628_135049.csv,5,0.10831012725830078,0.13840031623840332,2,2,1,10.316235065460205,10.893288358319957,1,90,0.6,0.48,5.8,75
gaze_log_20250629_134703.csv,4,0.1455399990081787,0.2909700870513916,2,0,2,23.26411994298299,28.14553012532299,0,24,0.0,0.0,3.25,32
gaze_log_20250629_111554.csv,10,0.25407798290252687,0.8084900379180908,3,1,6,4.661663320329454,4.451853479509693,2,202,0.0,0.0,4.9,51
gaze_log_20250628_143120.csv,12,0.10276583830515544,0.20837974548339844,5,3,4,6.204642729325728,6.556620043201134,2,63,0.0,0.0,3.3333333333333335,47
gaze_log_20250627_182251.csv,7,0.09303562981741768,0.11015987396240234,2,4,1,9.718439976374308,8.479422553703108,0,81,0.14285714285714285,0.14285714285714285,4.714285714285714,49
gaze_log_20250629_124909.csv,3,0.23112996419270834,0.4999098777770996,3,0,0,9.959949970245361,9.208570003509521,0,23,0.0,0.0,2.0,40
gaze_log_20250627_170204.csv,11,0.09937542135065253,0.13779997825622559,8,2,1,5.155857014656067,6.101086430168807,2,73,0.09090909090909091,0.0743801652892562,4.363636363636363,51
gaze_log_20250627_143802.csv,12,0.11780665318171184,0.16675996780395508,4,2,6,5.950012748891657,2.9727427582707544,0,17,0.16666666666666666,0.16666666666666666,3.0833333333333335,29
gaze_log_20250627_143157.csv,18,0.20106882519192165,0.5564298629760742,5,6,7,3.5158070536220776,3.019731335544514,4,277,0.1111111111111111,0.08641975308641975,3.3333333333333335,60
gaze_log_20250627_162833.csv,26,0.23500647911658654,0.5416500568389893,10,4,12,2.775063199996948,1.4255016269043268,2,319,0.11538461538461539,0.10650887573964499,3.230769230769231,56
gaze_log_20250628_153053.csv,47,0.11346768825612169,0.23637986183166504,15,10,22,1.605192832324816,1.1213507562381788,23,156,0.10638297872340426,0.05432322317790857,3.9574468085106385,49
gaze_log_20250628_140946.csv,41,0.11230245450647866,0.20786023139953613,16,13,12,1.829279500246048,1.4460862360439715,24,111,0.12195121951219512,0.050565139797739446,3.902439024390244,54
gaze_log_20250628_120902.csv,5,0.10008807182312011,0.12426018714904785,3,1,1,9.653022408485413,9.061355186195186,0,22,0.0,0.0,3.8,70
gaze_log_20250625_124144.csv,17,0.16537119360531077,0.7044899463653564,9,3,5,4.604327499866486,3.713046549037731,2,278,0.11764705882352941,0.10380622837370242,4.235294117647059,36
gaze_log_20250628_152833.csv,14,0.1009371110371181,0.12509989738464355,0,6,8,3.2320638436537523,3.869349008703983,4,47,0.0,0.0,2.9285714285714284,53
gaze_log_20250629_113426.csv,3,0.08850685755411784,0.09717035293579102,2,1,0,9.750105023384094,1.14822518825531,0,59,0.0,0.0,1.6666666666666667,31
gaze_log_20250628_165331.csv,10,0.09577302932739258,0.1938800811767578,4,3,3,4.9339766767289905,2.7135926367729337,0,73,0.0,0.0,2.9,66
gaze_log_20250627_170946.csv,12,0.0889641245206197,0.11080002784729004,5,3,4,6.289255423979326,3.6418239695855203,0,73,0.08333333333333333,0.08333333333333333,2.25,52
gaze_log_20250627_171319.csv,3,0.0925132433573405,0.09749984741210938,0,3,0,1.0900901556015015,0.11734998226165771,1,56,0.0,0.0,5.0,55
gaze_log_20250625_113412.csv,14,0.09692854540688652,0.11106991767883301,4,4,6,5.643395387209379,5.649106666289697,0,251,0.07142857142857142,0.07142857142857142,2.2857142857142856,56
gaze_log_20250628_170001.csv,19,0.09117371157595985,0.12400984764099121,5,2,12,4.069552222887675,3.9595376290303066,4,98,0.0,0.0,3.3157894736842106,45
gaze_log_20250627_170504.csv,28,0.10550535576684135,0.17916011810302734,23,2,3,2.519751848997893,3.8264099195616965,13,244,0.14285714285714285,0.07653061224489795,4.714285714285714,40
gaze_log_20250627_140955.csv,22,0.11719314618544145,0.19375014305114746,7,5,10,3.4948071525210427,1.6144022569563843,0,68,0.13636363636363635,0.13636363636363635,3.9545454545454546,56
gaze_log_20250629_180611.csv,16,0.1457175314426422,0.25010013580322266,4,4,8,4.636296002070109,3.3848913099070805,0,37,0.0625,0.0625,4.0625,60
gaze_log_20250629_144647.csv,9,0.08749336666531032,0.0973501205444336,3,1,5,7.126653730869293,4.843432908609191,0,95,0.2222222222222222,0.2222222222222222,3.4444444444444446,64
gaze_log_20250627_142158.csv,28,0.10379566465105329,0.151900053024292,14,5,9,2.682768141781842,1.668623570730913,2,132,0.07142857142857142,0.0663265306122449,4.071428571428571,64
gaze_log_20250629_152756.csv,4,0.0863950252532959,0.09717011451721191,2,0,2,20.87161668141683,10.12190624845921,0,24,0.0,0.0,1.75,50
gaze_log_20250629_191047.csv,18,0.11271055539449056,0.2637300491333008,9,2,7,4.228131168028888,3.062324651706075,1,113,0.05555555555555555,0.05246913580246913,3.6666666666666665,67
gaze_log_20250628_135616.csv,13,0.10562467575073242,0.19417023658752441,7,5,1,5.346594174702962,6.81373317721771,3,94,0.0,0.0,2.4615384615384617,53
gaze_log_20250628_143838.csv,24,0.10519629716873169,0.16628003120422363,17,5,2,2.5138565250065015,2.898342225702846,10,78,0.20833333333333334,0.12152777777777776,2.5416666666666665,34
gaze_log_20250629_151129.csv,21,0.09567903337024507,0.1229398250579834,10,6,5,2.4862985014915466,2.6448593678499233,9,234,0.047619047619047616,0.027210884353741492,4.714285714285714,63
gaze_log_20250628_110253.csv,41,0.10422361187818574,0.15231013298034668,14,6,21,1.725140243768692,1.4627838642054634,21,77,0.14634146341463414,0.07138607971445568,2.902439024390244,44
gaze_log_20250627_172851.csv,33,0.15940425612709738,0.4292001724243164,12,8,13,2.1988606229424477,1.0164018947616964,6,33,0.09090909090909091,0.0743801652892562,3.4545454545454546,67
gaze_log_20250627_125710.csv,11,0.10645001584833319,0.1533801555633545,4,2,5,6.9087810039520265,6.73837835802845,0,43,0.09090909090909091,0.09090909090909091,3.4545454545454546,58
gaze_log_20250629_150037.csv,8,0.09701630473136902,0.12507987022399902,3,2,3,9.288025719778878,8.818409052486556,0,50,0.125,0.125,2.375,50
gaze_log_20250627_114532.csv,8,0.14716002345085144,0.23608994483947754,3,3,2,8.680821418762207,5.693568603513324,0,72,0.125,0.125,5.5,57
gaze_log_20250628_130354.csv,14,0.0969614131110055,0.15269994735717773,3,4,7,5.193700790405273,8.334239032895963,3,21,0.14285714285714285,0.11224489795918366,2.5,58
gaze_log_20250628_151543.csv,15,0.11196524302164713,0.15257978439331055,4,0,11,3.831569995198931,5.522959873767982,5,69,0.0,0.0,3.533333333333333,35
gaze_log_20250629_140740.csv,9,0.2730732758839925,0.8627598285675049,4,0,5,8.092518717050552,5.438821262577363,0,53,0.1111111111111111,0.1111111111111111,3.2222222222222223,54
gaze_log_20250629_141502.csv,9,0.25186774465772843,0.8094100952148438,4,2,3,8.132566273212433,5.2698593775959,0,561,0.0,0.0,4.666666666666667,55
gaze_log_20250628_163321.csv,11,0.15002181313254617,0.402209997177124,4,2,5,7.282272005081177,6.481689268015921,1,35,0.0,0.0,3.6363636363636362,54
gaze_log_20250629_145836.csv,24,0.1449304223060608,0.3640899658203125,11,5,8,3.131241736204728,2.1500090368484774,0,137,0.125,0.125,3.4583333333333335,67
gaze_log_20250629_120248.csv,12,0.12136834859848022,0.16654014587402344,2,3,7,5.024427262219516,2.870076716721349,0,65,0.25,0.25,2.5,72
gaze_log_20250629_142620.csv,3,0.10163998603820801,0.12443995475769043,2,0,1,30.77258002758026,13.924189925193787,0,21,0.0,0.0,2.0,51
gaze_log_20250629_141301.csv,9,0.12343555026584202,0.26391005516052246,2,1,6,6.602838724851608,6.545738710200894,2,29,0.0,0.0,4.0,51
gaze_log_20250628_165754.csv,6,0.12652166684468588,0.25779008865356445,1,0,5,6.76578197479248,7.582168123230963,1,50,0.3333333333333333,0.2777777777777778,3.0,56
gaze_log_20250628_141806.csv,3,0.08335002263387044,0.0834801197052002,2,0,1,29.300999999046326,20.090890049934387,0,49,0.0,0.0,1.6666666666666667,45
gaze_log_20250628_122635.csv,9,0.16788220405578613,0.2781400680541992,5,3,1,5.199772506952286,1.6847156294557453,0,48,0.0,0.0,3.3333333333333335,48
gaze_log_20250628_140258.csv,3,0.2360365390777588,0.2928197383880615,0,3,0,4.4308048486709595,3.3151949644088745,0,55,0.0,0.0,3.0,39
gaze_log_20250628_162358.csv,4,0.19110262393951416,0.332780122756958,1,1,2,17.075196663538616,11.435261978056143,0,39,0.0,0.0,5.25,58
gaze_log_20250629_174807.csv,7,0.10209427561078753,0.15278005599975586,3,3,1,7.5352916320164995,4.052728869139313,0,55,0.2857142857142857,0.2857142857142857,4.142857142857143,59
gaze_log_20250628_110719.csv,3,0.1156300703684489,0.13858985900878906,1,1,1,29.02999496459961,4.957604885101318,0,46,0.3333333333333333,0.3333333333333333,2.6666666666666665,53
gaze_log_20250627_135505.csv,11,0.09575453671542081,0.12381982803344727,6,3,2,3.8070729970932007,2.7442927809596487,1,45,0.0,0.0,2.6363636363636362,43
gaze_log_20250628_132551.csv,22,0.14641683751886542,0.34637975692749023,5,7,10,3.225152855827695,2.0280455609244212,1,88,0.22727272727272727,0.21694214876033058,4.7272727272727275,55
gaze_log_20250625_141812.csv,6,0.0970083475112915,0.12469983100891113,2,2,2,13.680907964706421,7.336685650223183,0,135,0.16666666666666666,0.16666666666666666,2.1666666666666665,71
gaze_log_20250629_125653.csv,38,0.09345133053629022,0.12492012977600098,20,11,7,1.9670967604662921,2.2979991501633874,18,87,0.07894736842105263,0.04155124653739613,3.1315789473684212,44
gaze_log_20250629_115141.csv,23,0.102113443872203,0.1520400047302246,8,6,9,3.060124548998746,1.8248036114269088,2,127,0.043478260869565216,0.03969754253308129,2.9130434782608696,48
gaze_log_20250629_141706.csv,68,0.1241912000319537,0.18091988563537598,29,14,25,1.0800405972039522,0.6639979849570878,56,197,0.1323529411764706,0.02335640138408305,4.676470588235294,57
gaze_log_20250629_113915.csv,5,0.2105640411376953,0.27772998809814453,1,0,4,17.355262458324432,19.402821576995272,0,11,0.0,0.0,3.2,62
gaze_log_20250628_151829.csv,23,0.10978302748306938,0.15301012992858887,9,3,11,3.130703633481806,2.0729998060725014,0,174,0.21739130434782608,0.21739130434782608,3.6956521739130435,51
gaze_log_20250628_154004.csv,26,0.10233652591705322,0.13777995109558105,12,2,12,2.6418416023254396,2.219538097793851,7,40,0.15384615384615385,0.1124260355029586,3.076923076923077,54
gaze_log_20250629_123800.csv,7,0.16869711875915527,0.29243993759155273,3,2,2,7.803763349850972,4.922577621590376,1,19,0.0,0.0,5.285714285714286,38
gaze_log_20250628_153757.csv,10,0.09018290042877197,0.11066985130310059,6,0,4,7.2814244694179955,7.302671682356117,0,59,0.0,0.0,1.3,63
gaze_log_20250629_122713.csv,12,0.09791662295659383,0.13827013969421387,3,5,4,5.57975452596491,3.4602939802361052,1,94,0.16666666666666666,0.15277777777777776,2.1666666666666665,47
gaze_log_20250625_111639.csv,34,0.11100649132448084,0.3313601016998291,13,11,10,2.096490903334184,1.9023134077032842,18,76,0.11764705882352941,0.05536332179930796,3.088235294117647,64
gaze_log_20250629_144327.csv,3,0.13902012507120767,0.23629021644592285,1,0,2,18.5902498960495,16.782489895820618,0,6,0.3333333333333333,0.3333333333333333,3.6666666666666665,53
gaze_log_20250628_160000.csv,7,0.09904990877423968,0.15284013748168945,1,2,4,7.863996664683024,3.6093576776578553,0,40,0.0,0.0,3.0,69
gaze_log_20250628_154602.csv,6,0.15447004636128744,0.3450000286102295,2,0,4,11.825137948989868,12.674303665619131,0,26,0.16666666666666666,0.16666666666666666,2.0,69
gaze_log_20250628_142051.csv,3,0.14797663688659668,0.27734994888305664,1,0,2,25.50846004486084,23.007760047912598,0,21,0.3333333333333333,0.3333333333333333,3.3333333333333335,67
gaze_log_20250629_174606.csv,4,0.09358257055282593,0.11070013046264648,1,2,1,24.491093238194782,12.545880468188246,0,34,0.25,0.25,2.5,47
gaze_log_20250627_100954.csv,22,0.12373226339166815,0.29113006591796875,6,6,10,3.414910464059739,4.108687816851342,3,83,0.045454545454545456,0.03925619834710744,2.3181818181818183,58
gaze_log_20250628_161449.csv,10,0.11652495861053466,0.2362198829650879,3,2,5,7.893977774514092,8.109994079599101,1,25,0.1,0.09000000000000001,2.7,53
gaze_log_20250627_101323.csv,12,0.3283358613650004,0.8748002052307129,6,3,3,5.819829073819247,5.5594148755746025,0,663,0.0,0.0,8.833333333333334,81
gaze_log_20250627_173602.csv,32,0.13272374123334885,0.44474005699157715,11,6,15,2.332156781227358,1.6214380182771688,9,71,0.09375,0.0673828125,3.9375,54
gaze_log_20250629_124435.csv,21,0.08719336418878465,0.09828019142150879,8,3,10,3.693193995952606,2.9570190060954658,2,37,0.14285714285714285,0.1292517006802721,3.1904761904761907,46
gaze_log_20250628_115900.csv,9,0.15281105041503906,0.27769994735717773,0,0,9,2.376550018787384,4.57043932022684,6,22,0.0,0.0,3.2222222222222223,44
gaze_log_20250628_142859.csv,11,0.27686908028342505,0.45744991302490234,6,2,3,6.969854998588562,5.25917701290323,0,98,0.09090909090909091,0.09090909090909091,3.4545454545454546,74
gaze_log_20250627_134548.csv,11,0.08944095264781605,0.11071014404296875,1,5,5,6.200317001342773,6.021674333233962,1,295,0.0,0.0,3.3636363636363638,53
gaze_log_20250628_140525.csv,34,0.10276117044336655,0.15277981758117676,13,4,17,2.00851423812635,2.6706696255367186,19,117,0.08823529411764706,0.03892733564013841,2.7058823529411766,40
gaze_log_20250627_113726.csv,14,0.1549013682774135,0.3470301628112793,2,0,12,4.645650771948008,5.717749692093976,3,76,0.0,0.0,3.5714285714285716,64
gaze_log_20250629_151849.csv,8,0.09050872921943665,0.11102008819580078,1,1,6,6.754371438707624,6.60570889386803,0,281,0.125,0.125,2.0,55
gaze_log_20250629_182422.csv,4,0.18337756395339966,0.27619028091430664,2,2,0,8.982833305994669,4.146571723612767,0,43,0.0,0.0,5.5,25
gaze_log_20250629_132334.csv,8,0.10054755210876465,0.1513199806213379,3,1,4,9.88425714629037,4.283731593079043,0,16,0.125,0.125,2.75,60
gaze_log_20250627_132846.csv,28,0.188788184097835,0.6114699840545654,20,5,3,2.3386225876984774,3.0208929492085703,15,370,0.07142857142857142,0.03316326530612245,5.071428571428571,71
gaze_log_20250628_140725.csv,18,0.17036835352579752,0.4443399906158447,7,4,7,4.171152353286743,4.3553613005727705,3,71,0.05555555555555555,0.046296296296296294,4.111111111111111,36
gaze_log_20250628_152309.csv,3,0.09315331776936848,0.11159992218017578,1,0,2,16.52128493785858,3.5750850439071655,0,41,0.0,0.0,3.6666666666666665,56
gaze_log_20250627_174351.csv,9,0.08915787272983128,0.09744000434875488,2,0,7,8.293846249580383,11.624940105279144,2,126,0.0,0.0,2.111111111111111,69
gaze_log_20250629_191515.csv,19,0.09630631145678069,0.11156988143920898,10,4,5,3.9129599862628512,3.2365531649322845,3,90,0.0,0.0,3.473684210526316,49
gaze_log_20250628_170220.csv,15,0.20804864565531414,0.3614499568939209,7,2,6,4.82457571370261,3.420693143649716,0,101,0.0,0.0,4.933333333333334,54
gaze_log_20250629_112740.csv,28,0.11720999649592809,0.24984979629516602,10,9,9,2.6611081494225397,2.6108890787501924,9,197,0.10714285714285714,0.07270408163265306,2.7142857142857144,47
gaze_log_20250627_172324.csv,15,0.18333067893981933,0.47183990478515625,7,4,4,4.3880985634667535,2.395610332789561,1,29,0.13333333333333333,0.12444444444444444,3.933333333333333,45
gaze_log_20250628_151013.csv,16,0.09195253252983093,0.1247100830078125,6,4,6,4.516052659352621,2.6647882553451665,0,42,0.125,0.125,2.8125,46
gaze_log_20250628_150447.csv,5,0.08872394561767578,0.11052989959716797,2,0,3,16.3696049451828,18.934495408439773,0,131,0.0,0.0,4.8,60
gaze_log_20250629_110806.csv,19,0.09360837936401367,0.12514996528625488,11,6,2,3.69365221924252,7.636320789416098,8,169,0.0,0.0,2.1578947368421053,52
gaze_log_20250629_150629.csv,42,0.13240264710925875,0.6522800922393799,6,11,25,1.6856860940049334,2.1681498819439216,29,177,0.11904761904761904,0.036848072562358274,1.9047619047619047,56
gaze_log_20250629_115413.csv,11,0.10582544586875221,0.15206003189086914,4,2,5,5.7654520034790036,4.279964876005747,1,59,0.09090909090909091,0.08264462809917356,3.6363636363636362,68
gaze_log_20250629_175457.csv,8,0.08739867806434631,0.09716987609863281,1,2,5,9.04222573552813,8.27368594001203,0,32,0.125,0.125,2.875,40
gaze_log_20250629_134351.csv,4,0.3575875759124756,0.7502701282501221,0,0,4,5.217716693878174,3.1297262894288385,0,130,0.0,0.0,4.25,58
gaze_log_20250629_111853.csv,11,0.1244300278750333,0.333820104598999,2,4,5,5.592144012451172,8.476460620551743,3,89,0.18181818181818182,0.1322314049586777,1.5454545454545454,48
gaze_log_20250628_142650.csv,11,0.092015418139371,0.11086010932922363,1,2,8,5.08624300956726,7.548165651368241,5,65,0.0,0.0,2.6363636363636362,42
gaze_log_20250628_133903.csv,22,0.11282271688634699,0.2917299270629883,7,6,9,3.204073326928275,2.3856001551026034,4,161,0.13636363636363635,0.11157024793388429,4.045454545454546,59
gaze_log_20250629_154300.csv,7,0.14702435902186803,0.25071001052856445,3,1,3,10.592788338661194,5.638800833884413,0,37,0.14285714285714285,0.14285714285714285,2.4285714285714284,46
gaze_log_20250628_160630.csv,23,0.09772394014441449,0.14050006866455078,14,4,5,3.2281245535070244,3.132877816876636,8,87,0.08695652173913043,0.05671077504725898,2.3043478260869565,49
gaze_log_20250629_133827.csv,11,0.1324563893404874,0.33107995986938477,5,3,3,5.462774014472961,2.826056588814739,0,164,0.18181818181818182,0.18181818181818182,3.1818181818181817,63
gaze_log_20250629_190632.csv,22,0.1482954350384799,0.278670072555542,8,4,10,3.4240990479787192,1.874745643435178,0,39,0.09090909090909091,0.09090909090909091,3.590909090909091,77
gaze_log_20250628_164522.csv,6,0.10893162091573079,0.14003992080688477,1,0,5,10.25623598098755,11.685931819227816,1,13,0.0,0.0,3.3333333333333335,52
gaze_log_20250629_135311.csv,12,0.1274125576019287,0.18069005012512207,6,3,3,5.659418171102351,8.499030121692677,2,36,0.08333333333333333,0.06944444444444445,3.4166666666666665,67
gaze_log_20250629_153043.csv,16,0.17593249678611755,0.5009198188781738,2,4,10,3.647430658340454,2.58420809341807,2,154,0.0625,0.0546875,4.0,72
gaze_log_20250629_175251.csv,15,0.12692133585611978,0.37528014183044434,7,3,5,4.684735723904201,4.762000826141805,2,127,0.13333333333333333,0.11555555555555556,4.8,46
gaze_log_20250629_112209.csv,3,0.09274331728617351,0.11163973808288574,1,0,2,27.036850094795227,24.19005000591278,0,24,0.0,0.0,2.6666666666666665,52
gaze_log_20250628_145934.csv,45,0.09520245128207737,0.16568994522094727,24,6,15,1.6828174970366738,1.3389932072486637,21,650,0.08888888888888889,0.04740740740740741,3.0,63
gaze_log_20250628_152045.csv,3,0.10640335083007812,0.13870000839233398,1,1,1,18.82846999168396,0.46496009826660156,0,23,0.0,0.0,3.3333333333333335,41
gaze_log_20250629_142010.csv,13,0.10032230157118577,0.1524498462677002,3,1,9,5.907708326975505,5.738891242659967,1,48,0.0,0.0,3.6923076923076925,39
gaze_log_20250629_140149.csv,7,0.0989443234034947,0.12494015693664551,3,2,2,9.442566672960917,5.122687817838389,0,50,0.0,0.0,1.8571428571428572,45
gaze_log_20250628_123534.csv,6,0.19202840328216553,0.6256399154663086,3,0,3,11.820515966415405,10.161274987828653,0,75,0.16666666666666666,0.16666666666666666,3.0,62
gaze_log_20250628_153548.csv,24,0.09075420101483662,0.12528014183044434,7,1,16,3.0224808610003926,2.9453175366190245,7,62,0.041666666666666664,0.029513888888888885,3.0833333333333335,70
gaze_log_20250629_180350.csv,25,0.12385198593139649,0.16781997680664062,12,5,8,2.9345608353614807,1.7878985307375326,5,56,0.12,0.096,2.96,59
gaze_log_20250629_145622.csv,5,0.13088598251342773,0.18097996711730957,2,1,2,14.260419964790344,9.598098792982455,0,14,0.0,0.0,3.4,63
gaze_log_20250625_122615.csv,9,0.0925122896830241,0.1114499568939209,4,2,3,8.25781124830246,5.71311764951411,0,43,0.0,0.0,3.111111111111111,62
gaze_log_20250628_145706.csv,29,0.1672827539772823,0.8031597137451172,15,4,10,2.5273114272526334,2.5770383119978164,11,72,0.13793103448275862,0.08561236623067776,4.0,58
gaze_log_20250628_155638.csv,62,0.16507838618370793,0.3330399990081787,22,11,29,1.1530616400671787,0.8333786714433201,47,151,0.08064516129032258,0.01951092611862643,3.0806451612903225,56
gaze_log_20250629_121506.csv,4,0.1697825789451599,0.26450014114379883,2,0,2,18.20459000269572,15.685304305216842,0,25,0.25,0.25,5.75,50
gaze_log_20250628_104649.csv,32,0.123182512819767,0.42848992347717285,10,6,16,2.24382064419408,1.7202326008485938,10,84,0.0,0.0,4.0625,50
gaze_log_20250629_125210.csv,52,0.11003558452312763,0.16650986671447754,15,11,26,1.4606254895528157,1.370636088381808,32,300,0.07692307692307693,0.029585798816568046,4.653846153846154,50
gaze_log_20250629_184811.csv,5,0.09400801658630371,0.09716010093688965,2,0,3,14.583147466182709,11.977074330156105,0,60,0.2,0.2,3.4,62
gaze_log_20250629_185845.csv,16,0.08919809758663177,0.11163997650146484,5,0,11,4.981662654876709,7.293464900530066,3,166,0.0625,0.05078125,4.0625,46
gaze_log_20250628_115619.csv,53,0.16631486730755501,0.444429874420166,20,10,23,1.3993649987074046,0.8657016522788298,34,154,0.05660377358490566,0.020291918832324674,3.207547169811321,53
gaze_log_20250629_142303.csv,27,0.11303555523907696,0.18028998374938965,10,6,11,2.6347361619655905,1.436670142118984,2,140,0.037037037037037035,0.03429355281207133,4.555555555555555,79
gaze_log_20250626_154919.csv,7,0.14676284790039062,0.2650899887084961,1,4,2,8.424163341522217,7.183049932894528,1,14,0.5714285714285714,0.4897959183673469,4.0,47
gaze_log_20250629_123500.csv,5,0.13864803314208984,0.1940000057220459,2,1,2,15.750702559947968,11.58112063744073,0,19,0.0,0.0,3.2,66
gaze_log_20250627_113021.csv,24,0.12409498294194539,0.43016982078552246,12,3,9,2.7972882623257846,2.070536940664647,6,55,0.041666666666666664,0.03125,0.5,44
gaze_log_20250628_155149.csv,12,0.10421248277028401,0.16722989082336426,3,2,7,4.7176900126717305,3.9663054905675637,0,31,0.08333333333333333,0.08333333333333333,2.5833333333333335,28
gaze_log_20250625_145239.csv,14,0.14820364543369838,0.3474302291870117,3,3,8,4.731021550985483,3.644471748982875,1,40,0.14285714285714285,0.1326530612244898,3.5714285714285716,70
gaze_log_20250625_123432.csv,23,0.11526831336643385,0.24909019470214844,13,4,6,3.255116831172596,2.5452707043664855,5,79,0.043478260869565216,0.034026465028355386,3.217391304347826,56
gaze_log_20250629_125945.csv,5,0.08883810043334961,0.11237025260925293,2,1,2,13.277527451515198,7.98836316678933,0,47,0.2,0.2,4.4,37
gaze_log_20250628_121805.csv,12,0.13047164678573608,0.25,6,0,6,5.344883658669212,6.012916970931613,3,21,0.16666666666666666,0.125,4.0,80
gaze_log_20250628_131551.csv,7,0.21013287135532924,0.8332300186157227,2,2,3,10.285386681556702,5.650154457370063,0,78,0.0,0.0,5.714285714285714,67
gaze_log_20250627_135959.csv,13,0.13757072962247407,0.2081000804901123,5,4,4,5.541880011558533,3.3956248534181253,0,9,0.0,0.0,2.8461538461538463,42
gaze_log_20250628_163015.csv,3,0.23606673876444498,0.5275402069091797,0,1,2,18.444779872894287,16.345329999923706,0,29,0.0,0.0,2.3333333333333335,71
gaze_log_20250628_125939.csv,3,0.08741013209025066,0.09687995910644531,0,1,2,10.214634895324707,0.922295093536377,0,46,0.0,0.0,3.3333333333333335,46
gaze_log_20250629_144039.csv,8,0.2729088068008423,0.696850061416626,3,4,1,6.857477154050555,8.245777349530886,2,20,0.125,0.09375,3.5,49
gaze_log_20250628_122059.csv,13,0.13700153277470514,0.29280996322631836,4,4,5,5.492115835348765,5.838463386233477,1,52,0.23076923076923078,0.21301775147928997,2.6153846153846154,53
gaze_log_20250627_181022.csv,33,0.12271881103515625,0.19412016868591309,16,5,12,2.287400931119919,1.95035957992482,8,51,0.06060606060606061,0.045913682277318645,2.6363636363636362,62
gaze_log_20250629_144950.csv,8,0.10066631436347961,0.13873004913330078,4,3,1,7.057535716465542,6.014665698786799,0,51,0.0,0.0,4.25,39
gaze_log_20250629_154000.csv,6,0.15496007601420084,0.29167985916137695,4,2,0,8.341567993164062,11.769856967476446,1,62,0.0,0.0,4.333333333333333,67
gaze_log_20250627_162144.csv,21,0.16377100490388416,0.5130600929260254,8,9,4,2.4951825022697447,3.579982421014173,8,125,0.14285714285714285,0.08843537414965986,4.238095238095238,47
gaze_log_20250628_165104.csv,10,0.19415795803070068,0.6806998252868652,8,0,2,7.457139995363024,8.41497071259485,2,199,0.2,0.16000000000000003,3.7,56
gaze_log_20250628_154246.csv,15,0.14616063435872395,0.5807499885559082,8,3,4,4.465562156268528,2.9869302421422264,1,103,0.06666666666666667,0.06222222222222222,4.333333333333333,32
gaze_log_20250628_150752.csv,5,0.10022602081298829,0.13963007926940918,1,0,4,8.35451751947403,7.707751904824756,0,168,0.0,0.0,1.8,74
gaze_log_20250629_124108.csv,16,0.0986899584531784,0.12491989135742188,4,6,6,4.684427992502848,5.1601701641395215,4,48,0.0625,0.046875,2.6875,52
gaze_log_20250627_142444.csv,9,0.20551670922173393,0.483489990234375,1,1,7,6.024520039558411,4.503187895120895,0,17,0.3333333333333333,0.3333333333333333,2.5555555555555554,39
gaze_log_20250627_111008.csv,40,0.10340773463249206,0.2367100715637207,16,13,11,1.8801259016379333,1.7180154419370839,17,54,0.1,0.057499999999999996,2.65,46
gaze_log_20250629_114357.csv,7,0.10512856074741908,0.1527400016784668,2,1,4,9.321776628494263,5.3801487333766485,0,58,0.14285714285714285,0.14285714285714285,3.7142857142857144,56
gaze_log_20250629_185328.csv,3,0.11112666130065918,0.11136984825134277,1,1,1,23.459935069084167,3.9152451753616333,0,12,0.0,0.0,1.3333333333333333,49
gaze_log_20250628_144322.csv,7,0.09118574006216866,0.12479996681213379,3,1,3,7.824421683947246,3.7236199408219735,0,23,0.2857142857142857,0.2857142857142857,1.2857142857142858,42
gaze_log_20250629_183229.csv,16,0.10756188631057739,0.31921982765197754,8,3,5,4.708565330505371,4.026364350573884,0,689,0.0625,0.0625,3.9375,30
gaze_log_20250628_145000.csv,18,0.1780322790145874,0.568920373916626,9,5,4,2.7752752865062043,2.483435467708808,4,70,0.05555555555555555,0.043209876543209874,2.6666666666666665,63
gaze_log_20250628_125735.csv,37,0.10053892393369933,0.1657700538635254,17,8,12,1.898530277940962,2.3362125531249958,20,1339,0.05405405405405406,0.024835646457268077,2.4594594594594597,42
gaze_log_20250628_113708.csv,8,0.20384123921394348,0.633699893951416,4,1,3,9.32202570778983,3.2107901164196804,0,59,0.25,0.25,3.375,58
gaze_log_20250627_103803.csv,5,0.08905401229858398,0.0979299545288086,4,0,1,13.514657497406006,14.792326076120721,0,15,0.2,0.2,3.0,45
gaze_log_20250629_135006.csv,23,0.10996783297994862,0.16702985763549805,10,4,9,3.379462729800831,2.5307365512290554,3,179,0.13043478260869565,0.11342155009451796,3.217391304347826,68
gaze_log_20250628_170457.csv,25,0.13035160064697265,0.4719700813293457,11,4,10,2.945131669441859,2.1794143815260183,5,170,0.12,0.096,4.48,53
gaze_log_20250627_120215.csv,5,0.11108593940734864,0.1801598072052002,2,0,3,11.070059955120087,8.948288441672032,0,19,0.0,0.0,4.2,69
gaze_log_20250627_111427.csv,15,0.10729734102884929,0.24899983406066895,5,3,7,4.88614284992218,3.26780541236205,1,273,0.06666666666666667,0.06222222222222222,3.2,69
gaze_log_20250629_143026.csv,20,0.13726099729537963,0.26386022567749023,10,2,8,3.527841053510967,3.2133984288787434,4,23,0.0,0.0,2.85,54
gaze_log_20250629_114624.csv,5,0.21106600761413574,0.37502002716064453,1,1,3,13.702820003032684,6.115520002724509,0,92,0.2,0.2,5.6,57
gaze_log_20250629_115245.csv,16,0.13297626376152039,0.26394009590148926,6,3,7,4.023239310582479,2.157970775515698,1,136,0.1875,0.17578125,3.6875,70
gaze_log_20250629_124729.csv,5,0.2663919925689697,0.41561007499694824,0,2,3,8.635415017604828,4.542181108042257,0,23,0.0,0.0,3.6,60
gaze_log_20250627_140117.csv,7,0.1128514153616769,0.18035006523132324,5,2,0,4.967301686604817,2.1275540911072564,0,76,0.0,0.0,4.0,51
gaze_log_20250628_142946.csv,3,0.10160342852274577,0.1389000415802002,3,0,0,5.5550700426101685,0.15298998355865479,0,119,0.0,0.0,4.333333333333333,67
gaze_log_20250629_115735.csv,25,0.11540079116821289,0.2365400791168213,12,7,6,3.00427915652593,3.027449055865977,6,81,0.08,0.0608,3.84,44
gaze_log_20250629_145658.csv,9,0.10174997647603352,0.12467002868652344,4,2,3,8.655032515525818,6.127350367166865,0,75,0.0,0.0,2.7777777777777777,70
gaze_log_20250628_152957.csv,3,0.08758330345153809,0.09711980819702148,2,1,0,12.512884974479675,3.0437551736831665,0,16,0.0,0.0,3.3333333333333335,51
gaze_log_20250628_141644.csv,23,0.21750869958297067,0.9319798946380615,23,0,0,1.103796362876892,1.054991503415866,15,977,0.13043478260869565,0.04536862003780718,3.3043478260869565,33
gaze_log_20250629_142725.csv,43,0.18377677229947822,0.43045997619628906,22,7,14,1.7223099981035506,1.216955568450413,20,201,0.13953488372093023,0.07463493780421851,4.674418604651163,56
gaze_log_20250627_163321.csv,4,0.12488746643066406,0.15255975723266602,2,1,1,12.847753365834555,2.696643220407168,0,13,0.0,0.0,3.25,61
gaze_log_20250629_180100.csv,17,0.11594057083129883,0.3187599182128906,7,4,6,4.604247495532036,3.84770130326832,2,110,0.17647058823529413,0.15570934256055363,4.0588235294117645,54
gaze_log_20250629_145936.csv,8,0.4592787027359009,0.871849775314331,3,2,3,8.524455683571952,1.807838830853799,0,33,0.25,0.25,2.5,32
gaze_log_20250629_152523.csv,13,0.23926921991201547,0.9867000579833984,9,4,0,3.0246033469835916,4.214598055862648,5,632,0.0,0.0,8.076923076923077,45
gaze_log_20250627_113837.csv,6,0.20492172241210938,0.4301900863647461,4,0,2,11.136414051055908,11.27551797022394,0,13,0.16666666666666666,0.16666666666666666,3.3333333333333335,29
gaze_log_20250628_141902.csv,3,0.17586326599121094,0.3057699203491211,2,0,1,25.388015031814575,17.876394987106323,0,19,0.0,0.0,2.6666666666666665,51
gaze_log_20250628_140413.csv,6,0.09224160512288411,0.1105201244354248,2,2,2,10.38088002204895,4.493893419409889,0,49,0.16666666666666666,0.16666666666666666,3.6666666666666665,44
gaze_log_20250629_185327.csv,4,0.0830875039100647,0.08344006538391113,0,1,3,4.277976592381795,4.3487379903596235,1,43,0.0,0.0,2.75,55
gaze_log_20250629_181433.csv,6,0.08784000078837077,0.09721994400024414,3,1,2,9.661600017547608,12.600041228753447,1,31,0.0,0.0,2.8333333333333335,45
gaze_log_20250628_141257.csv,3,0.11543663342793782,0.15261006355285645,3,0,0,4.179700136184692,1.8590998649597168,0,89,0.0,0.0,6.666666666666667,37
gaze_log_20250628_114040.csv,16,0.18045814335346222,0.31945013999938965,7,1,8,4.48803334236145,4.816338462253285,5,83,0.0625,0.04296875,3.4375,46
gaze_log_20250626_151115.csv,7,0.20418851716177805,0.4583101272583008,3,2,2,9.505409995714823,6.632133887739918,0,85,0.14285714285714285,0.14285714285714285,2.4285714285714284,55
gaze_log_20250628_144850.csv,10,0.129132080078125,0.18046998977661133,6,0,4,7.225468873977661,6.8030245997457,1,29,0.0,0.0,2.3,61
gaze_log_20250629_141207.csv,5,0.09153809547424316,0.11130023002624512,2,2,1,10.879052460193634,5.996614452250751,0,25,0.0,0.0,2.4,71
gaze_log_20250628_144703.csv,3,0.16296672821044922,0.23898005485534668,1,2,0,14.376974940299988,10.608565211296082,0,29,0.0,0.0,1.6666666666666667,49
gaze_log_20250627_132434.csv,61,0.2330239327227483,0.6931197643280029,25,10,26,1.2331563313802083,1.3269549626358645,47,2749,0.08196721311475409,0.018812147272238646,4.344262295081967,54
gaze_log_20250629_175835.csv,28,0.25983498777662006,0.9581298828125,7,9,12,2.4008881427623607,1.6770360193353255,6,420,0.03571428571428571,0.028061224489795915,5.821428571428571,41
gaze_log_20250628_154505.csv,9,0.10005778736538357,0.1526799201965332,2,1,6,6.005378752946854,6.953254657076856,3,147,0.1111111111111111,0.07407407407407408,5.444444444444445,68
gaze_log_20250628_131000.csv,11,0.12883914600719104,0.20846033096313477,4,3,4,6.078937983512878,5.596319205852117,0,21,0.09090909090909091,0.09090909090909091,4.0,62
gaze_log_20250629_180923.csv,19,0.14100628150136849,0.31927990913391113,7,2,10,3.6899089018503823,3.0731203658749604,3,45,0.05263157894736842,0.04432132963988919,2.526315789473684,60
gaze_log_20250629_190249.csv,7,0.08321993691580636,0.08361983299255371,3,2,2,11.61876666545868,7.835214737811296,0,18,0.0,0.0,3.142857142857143,75
gaze_log_20250624_200742.csv,6,0.11794515450795491,0.13871026039123535,5,1,0,3.8701440334320067,4.159585132207024,1,25,0.16666666666666666,0.1388888888888889,2.5,74
gaze_log_20250629_183037.csv,20,0.09363353252410889,0.12478995323181152,9,3,8,3.183696834664596,2.555444782964897,7,44,0.05,0.0325,3.05,45
gaze_log_20250628_124623.csv,3,0.09708340962727864,0.11049008369445801,2,0,1,21.826110124588013,15.212550163269043,0,27,0.0,0.0,2.6666666666666665,39
gaze_log_20250627_171938.csv,7,0.09694855553763253,0.13854002952575684,1,3,3,11.213740030924479,9.90824004522735,0,47,0.0,0.0,3.0,49
gaze_log_20250629_123849.csv,12,0.10391245285669963,0.1804800033569336,3,2,7,6.3937999768690625,5.563711574059117,2,21,0.08333333333333333,0.06944444444444445,3.0833333333333335,52
gaze_log_20250629_111811.csv,4,0.10027492046356201,0.11065983772277832,1,1,2,9.620680014292398,9.397487121092286,0,38,0.0,0.0,4.0,78
gaze_log_20250628_121612.csv,8,0.130372554063797,0.20834016799926758,2,1,5,8.555708544594902,4.575551747709189,0,94,0.125,0.125,4.5,45
gaze_log_20250627_162819.csv,52,0.11952771131808941,0.5420701503753662,16,13,23,1.3712801980037315,0.8432421437889634,33,393,0.11538461538461539,0.042159763313609475,2.1538461538461537,45
gaze_log_20250627_141756.csv,3,0.12039669354756673,0.13864994049072266,0,1,2,11.258585095405579,5.8695350885391235,0,18,0.0,0.0,4.666666666666667,74
gaze_log_20250628_121941.csv,19,0.11756891953317743,0.276320219039917,6,5,8,3.3303588893678455,1.3367409132396597,0,121,0.15789473684210525,0.15789473684210525,5.2105263157894735,59
gaze_log_20250629_184203.csv,8,0.11155250668525696,0.19500994682312012,3,3,2,6.543765681130545,5.6296491762980905,0,64,0.375,0.375,3.375,69
gaze_log_20250627_170012.csv,6,0.19208665688832602,0.40258002281188965,1,1,4,10.923221969604493,7.850226090202787,0,35,0.0,0.0,3.6666666666666665,50
gaze_log_20250628_165442.csv,22,0.13660050522197376,0.36118006706237793,4,10,8,2.7565942945934476,3.339772204666355,8,87,0.18181818181818182,0.11570247933884298,3.6363636363636362,61
gaze_log_20250629_111556.csv,28,0.1293738739831107,0.27827024459838867,13,6,9,2.5330837037828235,1.2412311232776527,4,113,0.10714285714285714,0.09183673469387756,3.607142857142857,47
gaze_log_20250628_165654.csv,3,0.12497973442077637,0.20852971076965332,0,1,2,16.772755026817322,4.328024983406067,0,13,0.0,0.0,2.0,24
gaze_log_20250627_143143.csv,23,0.12427913624307384,0.3466200828552246,11,4,8,2.800645448944785,2.088732129047695,3,38,0.08695652173913043,0.07561436672967864,3.869565217391304,54
gaze_log_20250627_120221.csv,74,0.14224706469355403,0.6110100746154785,34,15,25,0.9275354783828944,0.7325311995576484,63,300,0.0945945945945946,0.014061358655953255,3.108108108108108,67
gaze_log_20250628_103843.csv,46,0.1402813196182251,0.49978017807006836,10,16,20,1.6115246613820393,1.438983773361934,24,98,0.10869565217391304,0.05198487712665406,3.782608695652174,59
gaze_log_20250627_114436.csv,37,0.13706865826168577,0.44426989555358887,14,7,16,1.876281393898858,1.4144008052515753,13,80,0.10810810810810811,0.07012417823228635,3.324324324324324,49
gaze_log_20250629_113036.csv,27,0.12645996941460502,0.20811986923217773,10,4,13,2.747955377285297,2.85063847483513,8,128,0.1111111111111111,0.07818930041152262,3.1481481481481484,61
gaze_log_20250627_130231.csv,4,0.13189005851745605,0.13927006721496582,3,1,0,5.282906611760457,3.0641101066834886,0,26,0.0,0.0,4.0,37
gaze_log_20250629_184835.csv,11,0.10952453179792924,0.1942601203918457,9,0,2,6.112293028831482,11.189476620797311,3,84,0.09090909090909091,0.06611570247933884,1.5454545454545454,61
gaze_log_20250629_174522.csv,32,0.11400468647480011,0.22231006622314453,14,4,14,2.3262748410624843,2.537202588435983,11,219,0.0625,0.041015625,3.96875,41
gaze_log_20250628_131402.csv,21,0.09920907020568848,0.13883018493652344,10,1,10,3.6424610018730164,3.542601980983606,3,111,0.047619047619047616,0.04081632653061225,2.761904761904762,59
gaze_log_20250629_152254.csv,27,0.14405699129457827,0.36071014404296875,16,7,4,3.2500923046698937,3.5512176655013095,10,144,0.1111111111111111,0.06995884773662552,3.2962962962962963,36
gaze_log_20250627_141033.csv,7,0.09700581005641393,0.12483024597167969,1,2,4,7.009865005811055,5.020353948050206,0,39,0.0,0.0,3.142857142857143,48
gaze_log_20250628_153442.csv,4,0.10066497325897217,0.12469983100891113,3,1,0,5.791930039723714,3.894947588085639,0,44,0.0,0.0,3.0,52
gaze_log_20250629_153200.csv,39,0.25007816461416393,0.9998798370361328,38,1,0,1.1104465785779452,2.557384447653948,33,3063,0.1282051282051282,0.01972386587771203,3.6666666666666665,60
gaze_log_20250628_132540.csv,3,0.08791661262512207,0.09727001190185547,3,0,0,4.737715005874634,2.4318349361419678,0,171,0.0,0.0,5.0,63
gaze_log_20250629_121154.csv,12,0.11225257317225139,0.2228701114654541,6,2,4,5.784480918537486,3.204816133624521,0,69,0.0,0.0,3.75,71
gaze_log_20250629_132114.csv,18,0.1233766343858507,0.45813989639282227,3,6,9,4.099924115573659,3.7873081917327256,3,99,0.0,0.0,2.8333333333333335,47
gaze_log_20250629_130703.csv,33,0.1383451476241603,0.5974001884460449,15,8,10,2.0756765604019165,1.5701599485661186,12,175,0.12121212121212122,0.07713498622589532,3.6666666666666665,53
gaze_log_20250629_181651.csv,3,0.11119659741719563,0.12481975555419922,3,0,0,4.290850043296814,0.27523982524871826,0,11,0.0,0.0,2.0,56
gaze_log_20250629_113333.csv,3,0.1342433293660482,0.20887017250061035,2,0,1,24.037060022354126,22.05042028427124,0,29,0.0,0.0,4.0,73
gaze_log_20250627_102233.csv,10,0.18874497413635255,0.2915000915527344,2,3,5,5.733546707365248,2.974607362024102,0,67,0.0,0.0,5.1,28
gaze_log_20250628_154001.csv,15,0.13137930234273273,0.19449996948242188,8,1,6,5.061854311398098,4.426033503178289,2,161,0.06666666666666667,0.05777777777777778,3.3333333333333335,59
gaze_log_20250629_145438.csv,27,0.1413063296565303,0.2497398853302002,12,8,7,2.3953684660104604,2.94464487570839,11,88,0.037037037037037035,0.02194787379972565,2.814814814814815,68
gaze_log_20250628_140843.csv,9,0.0953777896033393,0.13848018646240234,2,2,5,6.001938730478287,2.9523535324040306,0,18,0.0,0.0,3.0,57
gaze_log_20250628_163730.csv,10,0.11097300052642822,0.1529102325439453,5,4,1,5.120721101760864,4.195403813264792,0,64,0.1,0.1,2.8,59
gaze_log_20250628_162348.csv,5,0.11397600173950195,0.13917016983032227,5,0,0,6.174452543258667,0.9961165081830858,0,33,0.0,0.0,2.0,59
gaze_log_20250627_105952.csv,11,0.11444904587485573,0.15285992622375488,6,1,4,6.619893002510071,4.603433392925311,0,109,0.18181818181818182,0.18181818181818182,4.0,45
gaze_log_20250629_191247.csv,4,0.09709250926971436,0.1388399600982666,2,0,2,16.728203376134235,17.646318047776028,0,63,0.5,0.5,1.75,24
gaze_log_20250629_150433.csv,22,0.18466092239726672,0.4025602340698242,4,2,16,3.013409512383597,3.079975160675993,5,70,0.09090909090909091,0.07024793388429752,4.7727272727272725,63
gaze_log_20250627_172926.csv,31,0.14729389836711268,0.4163801670074463,6,9,16,2.317266337076823,2.210219068272992,8,622,0.06451612903225806,0.047866805411030174,2.2903225806451615,61
gaze_log_20250628_112916.csv,43,0.23911583146383597,0.6731102466583252,19,9,15,1.7051373833701724,1.141087651960011,16,127,0.06976744186046512,0.043807463493780424,3.86046511627907,41
gaze_log_20250629_141926.csv,3,0.08787997563680013,0.09718990325927734,0,0,3,13.508955121040344,3.130334973335266,0,30,0.0,0.0,3.3333333333333335,55
gaze_log_20250629_142208.csv,24,0.12307080626487732,0.3884000778198242,10,7,7,2.896898259287295,3.4806562374607815,6,129,0.125,0.09375,3.375,48
gaze_log_20250628_154214.csv,16,0.1587587147951126,0.7776298522949219,10,3,3,3.739727322260539,3.1624971803366537,1,196,0.0,0.0,4.625,49
gaze_log_20250628_151230.csv,57,0.16768230471694678,0.6803898811340332,17,16,24,1.2182833892958504,1.1586190134633212,43,268,0.10526315789473684,0.025854108956602027,2.7017543859649122,53
gaze_log_20250628_133106.csv,9,0.44547446568806964,0.9445700645446777,3,3,3,6.074770003557205,3.495795869339813,0,1003,0.2222222222222222,0.2222222222222222,12.222222222222221,47
gaze_log_20250628_151754.csv,9,0.12336227628919813,0.19404006004333496,4,1,4,8.418920010328293,3.735966471287531,0,238,0.0,0.0,3.2222222222222223,43
gaze_log_20250629_130926.csv,13,0.11428299316993126,0.22212982177734375,4,4,5,5.073046644528707,2.590370038310744,0,132,0.0,0.0,5.076923076923077,59
gaze_log_20250629_102758.csv,7,0.08923438617161342,0.11117029190063477,4,1,2,9.544589956601461,6.820905140692576,1,128,0.0,0.0,4.285714285714286,65
gaze_log_20250628_152507.csv,18,0.3355894353654649,0.7101500034332275,9,3,6,3.931444111992331,2.4971299961947016,0,50,0.1111111111111111,0.1111111111111111,3.0555555555555554,59
gaze_log_20250628_105315.csv,25,0.11705238342285157,0.3747999668121338,8,7,10,2.8989445865154266,2.7334573883713302,6,181,0.08,0.0608,4.44,60
gaze_log_20250628_131729.csv,3,0.12040996551513672,0.1804499626159668,2,0,1,23.27809500694275,12.263275146484375,0,36,0.0,0.0,1.3333333333333333,57
gaze_log_20250627_101516.csv,24,0.10059295097986858,0.16623997688293457,9,6,9,2.6962265139040738,2.342880175869264,6,75,0.041666666666666664,0.03125,3.2916666666666665,49
gaze_log_20250629_123625.csv,11,0.14627630060369318,0.4578697681427002,5,1,5,6.464061999320984,6.2950230010692785,1,86,0.0,0.0,3.4545454545454546,72
gaze_log_20250629_132701.csv,8,0.10225501656532288,0.13934969902038574,3,1,4,9.903374331338066,3.4198463891634807,0,26,0.25,0.25,3.125,57
gaze_log_20250626_150126.csv,6,0.1456549564997355,0.31992006301879883,3,1,2,9.777983999252319,8.726410446959912,0,28,0.16666666666666666,0.16666666666666666,3.0,67
gaze_log_20250629_132926.csv,40,0.147773277759552,0.8335599899291992,14,7,19,1.8348628129714575,1.1488222673183284,12,181,0.05,0.034999999999999996,4.45,56
gaze_log_20250627_143650.csv,3,0.15734338760375977,0.19407010078430176,0,1,2,16.59771502017975,9.121735215187073,0,61,0.0,0.0,2.0,62
gaze_log_20250626_150907.csv,19,0.11693002048291658,0.18034005165100098,10,0,9,3.5054988861083984,5.601324094889763,4,41,0.0,0.0,3.6842105263157894,55
gaze_log_20250629_144044.csv,3,0.1993433634440104,0.23593997955322266,1,0,2,18.04087495803833,1.7757048606872559,0,19,0.0,0.0,4.0,40
gaze_log_20250628_135558.csv,29,0.1688889717233592,0.6249301433563232,16,5,8,2.4247928517205373,1.8370964049964333,7,214,0.13793103448275862,0.10463733650416171,3.586206896551724,49
gaze_log_20250628_171124.csv,3,0.09258349736531575,0.11127018928527832,1,0,2,17.167029976844788,9.830459952354431,0,23,0.0,0.0,2.3333333333333335,58
gaze_log_20250628_144028.csv,4,0.22539502382278442,0.3192000389099121,0,2,2,12.467569986979166,10.417956863225061,0,63,0.0,0.0,1.0,42
gaze_log_20250628_114838.csv,4,0.16985243558883667,0.33395981788635254,2,0,2,9.885163386662802,12.73425902590053,0,26,0.0,0.0,2.25,51
gaze_log_20250629_152746.csv,31,0.1847109640798261,0.31910014152526855,11,9,11,2.3412676652272544,2.2779170130983046,9,412,0.06451612903225806,0.045785639958376693,4.32258064516129,54
gaze_log_20250628_134726.csv,3,0.08789666493733723,0.09727001190185547,1,0,2,20.193684935569763,8.6265150308609,0,47,0.0,0.0,3.0,54
gaze_log_20250628_134040.csv,14,0.14751642090933664,0.29133009910583496,10,0,4,5.27810001373291,8.641511022509144,1,81,0.14285714285714285,0.1326530612244898,3.5,33
gaze_log_20250629_123140.csv,34,0.1452891055275412,0.30529022216796875,1,7,26,2.113690304033684,5.6076632693367285,26,46,0.08823529411764706,0.02076124567474049,3.088235294117647,71
gaze_log_20250629_133434.csv,13,0.12797075051527756,0.3191802501678467,4,1,8,5.009391685326894,4.485342258864642,0,107,0.23076923076923078,0.23076923076923078,2.769230769230769,37
gaze_log_20250627_112756.csv,13,0.11316163723285382,0.20821022987365723,2,3,8,5.335715850194295,4.158148746682977,0,28,0.15384615384615385,0.15384615384615385,2.6923076923076925,70
gaze_log_20250629_152948.csv,7,0.20173001289367676,0.5551803112030029,6,1,0,5.255021691322327,3.861640311769379,0,58,0.42857142857142855,0.42857142857142855,4.142857142857143,58
gaze_log_20250627_114657.csv,22,0.10757863521575928,0.18034982681274414,14,8,0,1.9254328523363387,1.4559531117984432,10,55,0.18181818181818182,0.09917355371900825,1.7272727272727273,54
gaze_log_20250628_125548.csv,42,0.10532451811290923,0.24974989891052246,15,12,15,1.6352919485510848,1.0173406174984592,19,147,0.09523809523809523,0.05215419501133787,3.119047619047619,42
gaze_log_20250628_155905.csv,5,0.15827412605285646,0.24972033500671387,2,2,1,11.309289991855621,9.883556626217533,0,55,0.4,0.4,4.2,58
gaze_log_20250628_132222.csv,7,0.11699870654514857,0.15257024765014648,2,2,3,6.7925483385721845,3.106170985767709,0,50,0.14285714285714285,0.14285714285714285,3.7142857142857144,48
gaze_log_20250629_114128.csv,10,0.3681299924850464,0.9171202182769775,7,2,1,8.034386661317614,11.112326731619731,0,388,0.1,0.1,2.7,40
gaze_log_20250627_162306.csv,22,0.09698415886272084,0.15282988548278809,10,5,7,3.420846178418114,2.817166016658798,4,37,0.13636363636363635,0.11157024793388429,3.0,61
gaze_log_20250629_140237.csv,6,0.09709993998209636,0.11140012741088867,5,0,1,11.348318004608155,11.396604147713363,0,42,0.16666666666666666,0.16666666666666666,3.3333333333333335,51
gaze_log_20250627_123431.csv,19,0.11544373160914372,0.3330800533294678,3,6,10,3.7084261178970337,5.004601182660801,5,53,0.10526315789473684,0.0775623268698061,2.8947368421052633,59
gaze_log_20250626_115514.csv,10,0.10959997177124023,0.2080399990081787,1,3,6,6.264697790145874,6.103371123455648,1,674,0.1,0.09000000000000001,4.0,43
gaze_log_20250629_183715.csv,9,0.15417557292514378,0.3463099002838135,5,2,2,7.668678730726242,8.584952268817618,2,30,0.2222222222222222,0.1728395061728395,2.6666666666666665,50
gaze_log_20250627_163559.csv,3,0.101563294728597,0.13881969451904297,0,3,0,1.507179856300354,0.10425007343292236,0,62,0.0,0.0,4.333333333333333,55
gaze_log_20250629_182345.csv,5,0.11482000350952148,0.1805400848388672,2,0,3,9.465569972991943,9.16671298240187,0,22,0.6,0.6,3.0,65
gaze_log_20250627_140343.csv,22,0.09336817264556885,0.13858985900878906,8,9,5,3.465741906847273,4.378556475165773,8,311,0.0,0.0,4.045454545454546,49
gaze_log_20250627_103246.csv,3,0.10649673144022624,0.13905024528503418,1,0,2,26.804779887199402,15.321240067481995,0,74,0.0,0.0,5.333333333333333,54
gaze_log_20250629_191517.csv,4,0.10416996479034424,0.1526200771331787,1,0,3,17.982706626256306,15.389470350567924,0,29,0.0,0.0,3.25,56
gaze_log_20250629_182543.csv,21,0.21317143667311894,0.3887898921966553,11,5,5,3.5141424894332887,3.135447298230704,5,92,0.047619047619047616,0.03628117913832199,4.095238095238095,32
gaze_log_20250629_103049.csv,6,0.12029663721720378,0.16630005836486816,2,1,3,13.80928602218628,3.913063534989223,0,35,0.16666666666666666,0.16666666666666666,3.3333333333333335,54
gaze_log_20250629_181937.csv,7,0.1406270776476179,0.2496199607849121,3,1,3,9.84558335940043,5.797771935915039,0,40,0.14285714285714285,0.14285714285714285,2.857142857142857,57
gaze_log_20250627_173428.csv,6,0.09233832359313965,0.09721994400024414,3,2,1,8.297345972061157,3.2761752626606,0,27,0.16666666666666666,0.16666666666666666,1.5,34
gaze_log_20250629_135707.csv,5,0.09435992240905762,0.11156010627746582,3,1,1,9.528477549552917,8.826044577324943,0,78,0.0,0.0,4.6,49
gaze_log_20250629_180619.csv,4,0.11097991466522217,0.16668987274169922,3,0,1,15.334866603215536,13.569887450660982,0,12,0.0,0.0,2.5,43
gaze_log_20250629_154110.csv,58,0.11053398559833395,0.15234017372131348,26,11,21,1.2634857872076202,0.5977066376254899,43,95,0.06896551724137931,0.017835909631391197,3.6724137931034484,54
gaze_log_20250629_112025.csv,3,0.14342339833577475,0.2082500457763672,1,1,1,19.9728000164032,9.52822995185852,0,23,0.0,0.0,2.6666666666666665,55
gaze_log_20250628_120602.csv,3,0.10200333595275879,0.12484002113342285,3,0,0,4.7787699699401855,1.4894499778747559,0,15,0.0,0.0,3.6666666666666665,37
gaze_log_20250627_133637.csv,5,0.09447202682495118,0.11118006706237793,0,3,2,7.18059241771698,1.9328567803797143,0,52,0.2,0.2,4.0,59
gaze_log_20250629_122906.csv,9,0.24068334367540148,0.4455699920654297,4,1,4,9.030029982328415,6.33804159629306,0,36,0.0,0.0,4.222222222222222,48
gaze_log_20250628_154744.csv,10,0.1040489912033081,0.1663501262664795,2,4,4,5.9542111025916205,4.283196978855597,1,184,0.0,0.0,5.2,43
gaze_log_20250628_144218.csv,11,0.0937408750707453,0.12481021881103516,5,4,2,5.6889240026474,3.6993139567854727,0,86,0.18181818181818182,0.18181818181818182,3.6363636363636362,47
gaze_log_20250628_113354.csv,34,0.10134939586415011,0.4445199966430664,9,10,15,1.868741512298584,2.644474440148783,20,106,0.058823529411764705,0.02422145328719723,3.0294117647058822,58
gaze_log_20250628_142133.csv,4,0.10760748386383057,0.1666402816772461,4,0,0,7.459330081939697,3.5315181902554524,0,29,0.25,0.25,2.5,45
gaze_log_20250629_135506.csv,9,0.13557447327507866,0.30525994300842285,2,4,3,7.538466244935989,5.946326949519186,1,603,0.2222222222222222,0.19753086419753085,3.7777777777777777,43
gaze_log_20250627_165704.csv,19,0.09795680798982319,0.12485980987548828,12,6,1,2.0234188901053534,2.213289465067408,9,147,0.15789473684210525,0.08310249307479226,3.6315789473684212,48
gaze_log_20250628_150709.csv,32,0.09884149581193924,0.13889002799987793,12,6,14,2.1995096668120353,1.6818282354860512,6,94,0.0625,0.05078125,2.0625,53
gaze_log_20250629_134744.csv,7,0.09332285608564105,0.1256101131439209,2,1,4,11.442925016085306,8.871811258905044,0,39,0.0,0.0,1.7142857142857142,41
gaze_log_20250629_140006.csv,23,0.11820521561995796,0.42951011657714844,15,3,5,2.9957950006831777,2.8537377253700527,7,140,0.0,0.0,4.6521739130434785,100
gaze_log_20250628_111635.csv,4,0.0831749439239502,0.08325004577636719,2,0,2,18.195743322372437,18.342340231326443,0,105,0.0,0.0,2.75,41
gaze_log_20250629_150201.csv,5,0.08593206405639649,0.09723997116088867,3,2,0,9.09815502166748,6.519184598100734,0,50,0.2,0.2,2.6,38
gaze_log_20250629_185825.csv,19,0.10437263940509997,0.1528000831604004,9,4,6,3.6731088823742337,2.635387456919355,4,53,0.10526315789473684,0.08310249307479224,2.5789473684210527,44
gaze_log_20250628_145923.csv,39,0.1141053713285006,0.3332099914550781,16,9,14,1.8696434246866327,1.9886322748032232,21,457,0.1282051282051282,0.05917159763313609,2.7948717948717947,40
gaze_log_20250627_142036.csv,5,0.09157795906066894,0.1108999252319336,4,0,1,14.243369996547699,15.849365360218949,0,59,0.2,0.2,1.2,51
gaze_log_20250629_142952.csv,7,0.11281422206333705,0.15268993377685547,2,2,3,11.780718326568604,9.625749371586046,0,58,0.0,0.0,2.7142857142857144,54
gaze_log_20250629_152002.csv,8,0.14214491844177246,0.22178006172180176,5,1,2,9.082048552376884,7.6689520904212225,1,87,0.375,0.328125,5.875,39
gaze_log_20250629_183458.csv,70,0.15924713952200753,0.4860396385192871,26,10,34,1.0612104353697405,0.7509256612018135,58,96,0.04285714285714286,0.007346938775510202,3.6857142857142855,55
gaze_log_20250627_114113.csv,4,0.10739487409591675,0.11098980903625488,1,2,1,6.323149998982747,1.2053408614163732,0,15,0.0,0.0,3.5,54
gaze_log_20250628_124847.csv,6,0.09235839049021403,0.12475013732910156,5,0,1,11.371932029724121,16.387659468364816,0,43,0.0,0.0,1.1666666666666667,36
gaze_log_20250629_182156.csv,7,0.13885137013026647,0.3059399127960205,1,2,4,8.884950041770935,5.91527897694823,0,61,0.0,0.0,4.0,55
gaze_log_20250627_164031.csv,18,0.17458612389034694,0.4026501178741455,5,7,6,3.0631164803224453,2.154077706468873,1,81,0.1111111111111111,0.10493827160493827,3.1666666666666665,55
gaze_log_20250629_141647.csv,13,0.12174844741821289,0.2777900695800781,6,3,4,5.664701660474141,3.8931908212222717,0,140,0.15384615384615385,0.15384615384615385,2.3076923076923075,53
gaze_log_20250629_145019.csv,8,0.13871124386787415,0.23502016067504883,3,2,3,6.720258576529367,7.785840756867136,0,74,0.125,0.125,4.125,48
gaze_log_20250627_115227.csv,4,0.08995997905731201,0.11076998710632324,0,2,2,11.574380000432333,8.444923643453288,0,69,0.0,0.0,3.0,29
gaze_log_20250629_114726.csv,15,0.08597931861877442,0.09705018997192383,7,0,8,4.216382844107492,6.220841973230112,6,51,0.13333333333333333,0.08,2.3333333333333335,53
gaze_log_20250629_182751.csv,7,0.11897424289158412,0.16670989990234375,2,1,4,10.822563330332438,6.636498356486237,0,50,0.14285714285714285,0.14285714285714285,2.7142857142857144,29
gaze_log_20250628_150928.csv,41,0.13379412162594678,0.41711997985839844,18,10,13,1.8518380045890808,1.583087868882592,21,691,0.12195121951219512,0.059488399762046396,2.8292682926829267,64
gaze_log_20250628_165005.csv,3,0.24108346303304037,0.4595801830291748,0,0,3,2.2279149293899536,1.4224549531936646,0,46,0.0,0.0,1.6666666666666667,54
gaze_log_20250629_120643.csv,10,0.13895995616912843,0.2639298439025879,4,2,4,7.9882055388556585,4.902827724831739,0,48,0.0,0.0,2.6,55
gaze_log_20250629_132327.csv,40,0.12100474834442139,0.1939098834991455,19,6,15,1.8853364113049629,1.3622281829648444,16,50,0.025,0.015,2.75,56
gaze_log_20250629_183936.csv,3,0.13288656870524088,0.2078397274017334,2,0,1,22.05641508102417,21.670435190200806,0,95,0.6666666666666666,0.6666666666666666,2.3333333333333335,31
gaze_log_20250629_190037.csv,53,0.3062592137534663,0.9308397769927979,29,16,8,1.256978846513308,2.0857996617687613,42,4397,0.09433962264150944,0.019579921680313275,6.773584905660377,66
gaze_log_20250629_125317.csv,20,0.14909349679946898,0.2772798538208008,5,8,7,3.467175270381727,2.4332496670417094,2,176,0.15,0.135,4.75,61
gaze_log_20250628_125757.csv,10,0.09574298858642578,0.12477993965148926,7,1,2,6.700422234005398,5.193028758725092,0,46,0.0,0.0,3.9,38
gaze_log_20250628_141513.csv,35,0.12222999164036343,0.22954988479614258,5,15,15,2.125136466587291,3.336668435928029,23,247,0.08571428571428572,0.02938775510204082,2.914285714285714,63
gaze_log_20250624_213719.csv,3,0.0972299575805664,0.11158013343811035,2,0,1,17.485299944877625,15.322120070457458,0,29,0.3333333333333333,0.3333333333333333,3.6666666666666665,100
gaze_log_20250629_114350.csv,16,0.09109251201152802,0.1111598014831543,1,3,12,3.023188002904256,3.0089134194711815,5,452,0.0625,0.04296875,2.5,48
gaze_log_20250627_131532.csv,22,0.2478804588317871,0.8468799591064453,8,4,10,3.4116009644099643,3.21439202196994,3,165,0.18181818181818182,0.15702479338842976,3.227272727272727,71
gaze_log_20250627_130823.csv,8,0.32318124175071716,0.8753998279571533,3,0,5,9.250268595559257,10.969198280285786,1,90,0.125,0.109375,9.25,66
gaze_log_20250629_122153.csv,8,0.10948377847671509,0.1391301155090332,3,0,5,9.768651417323522,7.630137872080073,0,37,0.0,0.0,4.25,80
gaze_log_20250628_135330.csv,36,0.27928805351257324,0.9859399795532227,12,13,11,2.0508420058659147,1.9432095915824894,12,3735,0.1388888888888889,0.0925925925925926,3.4444444444444446,58
gaze_log_20250628_142635.csv,10,0.12088100910186768,0.2643702030181885,3,3,4,6.4186966684129505,4.733470160192915,0,65,0.4,0.4,3.1,45
gaze_log_20250628_112002.csv,17,0.1354859296013327,0.2222599983215332,8,3,6,4.350086867809296,4.073066630255177,2,73,0.058823529411764705,0.05190311418685121,2.4705882352941178,47
gaze_log_20250628_113724.csv,10,0.09305408000946044,0.11116981506347656,4,1,5,6.961606687969631,6.047640174981419,1,36,0.1,0.09000000000000001,3.3,60
gaze_log_20250628_170903.csv,3,0.09228658676147461,0.11044979095458984,3,0,0,10.590614914894104,10.090584874153137,0,8,0.0,0.0,3.0,66
gaze_log_20250629_140716.csv,9,0.1133122444152832,0.1805100440979004,4,3,2,5.510357469320297,6.2511705757485245,0,125,0.2222222222222222,0.2222222222222222,2.888888888888889,37
gaze_log_20250628_133347.csv,37,0.13605457383233147,0.7082901000976562,13,6,18,2.0437172253926597,2.164027425172417,18,758,0.10810810810810811,0.05551497443389335,2.108108108108108,48
gaze_log_20250627_170431.csv,11,0.15098636800592596,0.20820021629333496,6,2,3,7.058696985244751,7.83251297810349,0,25,0.09090909090909091,0.09090909090909091,4.454545454545454,56
gaze_log_20250626_145753.csv,4,0.23973006010055542,0.5285999774932861,0,2,2,3.5783366362253823,3.008409577579658,1,44,0.0,0.0,2.25,87
gaze_log_20250629_174921.csv,7,0.10311147144862584,0.13902974128723145,1,5,1,7.917251666386922,10.47659542493814,3,28,0.0,0.0,2.7142857142857144,53
gaze_log_20250629_181228.csv,10,0.11096000671386719,0.26376986503601074,7,1,2,7.06808778974745,5.657470385788734,2,59,0.1,0.08000000000000002,3.0,52
gaze_log_20250629_175419.csv,5,0.08306598663330078,0.08350992202758789,2,0,3,15.80158245563507,16.081219923417002,0,57,0.0,0.0,3.2,46
gaze_log_20250628_170121.csv,4,0.09706753492355347,0.12469005584716797,3,1,0,12.103116671244303,9.525080976736222,0,16,0.0,0.0,3.25,44
gaze_log_20250627_174326.csv,19,0.1857973901849044,0.4025399684906006,7,6,6,3.8298122220569186,3.2044270412290023,4,33,0.10526315789473684,0.08310249307479224,2.789473684210526,43
gaze_log_20250627_144030.csv,10,0.14559102058410645,0.2220900058746338,6,3,1,7.3613233301374645,8.437538349834364,1,43,0.1,0.09000000000000001,4.0,61
gaze_log_20250629_151752.csv,18,0.09928667545318604,0.12510991096496582,6,3,9,3.899625301361084,3.5061364786594855,5,120,0.16666666666666666,0.12037037037037036,1.7222222222222223,45
gaze_log_20250627_142521.csv,9,0.12652670012580025,0.1527700424194336,3,2,4,5.859564989805222,4.359923407865026,0,22,0.1111111111111111,0.1111111111111111,2.6666666666666665,55
gaze_log_20250628_164746.csv,11,0.13486543568697842,0.22160005569458008,2,3,6,5.318544006347656,3.198224448342306,1,76,0.09090909090909091,0.08264462809917356,4.0,55
gaze_log_20250627_140646.csv,4,0.09714508056640625,0.11122989654541016,1,2,1,9.041016658147177,3.7376913716852003,0,23,0.0,0.0,3.0,52
gaze_log_20250628_115632.csv,63,0.26612712088085355,0.7360000610351562,29,6,28,1.2023482245783652,1.1445395160544316,50,433,0.07936507936507936,0.016376921138825905,4.888888888888889,47
gaze_log_20250629_184557.csv,3,0.08807659149169922,0.09715986251831055,1,1,1,23.338794946670532,5.491925001144409,0,45,0.0,0.0,3.3333333333333335,52
gaze_log_20250629_185107.csv,7,0.10492420196533203,0.1803300380706787,4,0,3,9.794336676597595,9.543294230180845,0,38,0.0,0.0,2.5714285714285716,54
gaze_log_20250628_140627.csv,3,0.14379000663757324,0.1949901580810547,1,0,2,14.340540051460266,13.881909728050232,0,16,0.3333333333333333,0.3333333333333333,3.6666666666666665,41
gaze_log_20250629_131129.csv,42,0.15545167241777694,0.763660192489624,15,9,18,1.7043690274401408,1.4811385747918902,22,911,0.09523809523809523,0.04535147392290249,2.9523809523809526,48
gaze_log_20250624_201119.csv,10,0.18048195838928222,0.4024498462677002,8,0,2,7.5933077865176735,8.686741166509725,0,26,0.2,0.2,3.3,4
gaze_log_20250628_162045.csv,33,0.16785726402745102,0.4720497131347656,14,8,11,2.199814051389694,1.1782227933477114,7,107,0.15151515151515152,0.11937557392102846,5.0,52
gaze_log_20250629_143804.csv,9,0.10181890593634711,0.15227007865905762,4,2,3,6.433837473392487,5.547043400322701,1,81,0.0,0.0,2.3333333333333335,50
gaze_log_20250627_165402.csv,18,0.21121550930870903,0.4028501510620117,4,4,10,3.645345884210923,2.0169089048633984,0,93,0.2222222222222222,0.2222222222222222,5.444444444444445,55
gaze_log_20250629_124916.csv,8,0.13178378343582153,0.34706997871398926,3,3,2,9.988295725413732,7.731664503376718,0,59,0.0,0.0,2.625,76
gaze_log_20250628_123350.csv,14,0.14272075039999826,0.30549001693725586,6,3,5,4.927713082386897,3.87861737621623,2,26,0.0,0.0,3.4285714285714284,49
gaze_log_20250629_122432.csv,12,0.12025336424509685,0.3742499351501465,0,5,7,3.4670627117156982,3.0068529320563666,2,147,0.0,0.0,3.4166666666666665,85
gaze_log_20250628_164146.csv,57,0.1385503609975179,0.5139601230621338,14,11,32,1.3266507174287523,1.2380559576669734,42,225,0.07017543859649122,0.018467220683287166,3.1403508771929824,36
gaze_log_20250629_135007.csv,6,0.08753009637196858,0.09751009941101074,4,0,2,14.134270000457764,8.239777432864752,0,23,0.0,0.0,1.6666666666666667,51
gaze_log_20250627_164655.csv,4,0.10424745082855225,0.13881993293762207,3,0,1,12.197926680246988,10.206677385713744,0,53,0.0,0.0,5.0,45
gaze_log_20250629_124452.csv,9,0.2425666650136312,0.5294599533081055,2,3,4,8.245027512311935,5.763021304003814,0,16,0.2222222222222222,0.2222222222222222,3.0,49
gaze_log_20250627_111023.csv,17,0.13233062800239115,0.3057699203491211,7,2,8,3.9030499905347824,4.839328233882959,7,93,0.0,0.0,3.1176470588235294,42
gaze_log_20250626_155427.csv,35,0.1826662812914167,0.7101502418518066,14,6,15,2.026645295760211,2.205732986677352,15,335,0.05714285714285714,0.03265306122448979,5.685714285714286,52
gaze_log_20250629_124254.csv,18,0.1692777607176039,0.5001001358032227,9,4,5,3.883398224325741,4.445709252186532,1,91,0.2222222222222222,0.20987654320987653,3.6666666666666665,56
gaze_log_20250628_133618.csv,33,0.1264866626623905,0.44432997703552246,13,8,12,2.2306137531995773,1.1364066262215817,8,58,0.12121212121212122,0.09182736455463729,4.636363636363637,31
gaze_log_20250627_132215.csv,48,0.14831852416197458,0.3624002933502197,20,10,18,1.558607446386459,0.9261563984372061,22,199,0.0625,0.03385416666666667,4.145833333333333,48
gaze_log_20250627_183148.csv,65,0.25250012691204365,0.8886098861694336,33,13,19,1.1400437504053116,0.8800256548620408,46,2802,0.13846153846153847,0.04047337278106509,4.4,36
gaze_log_20250628_160259.csv,7,0.128474337714059,0.27729010581970215,3,0,4,10.539636691411337,6.3062620028670855,0,59,0.14285714285714285,0.14285714285714285,4.714285714285714,76
gaze_log_20250629_142137.csv,3,0.09716685612996419,0.1111600399017334,1,1,1,18.285069942474365,0.6720800399780273,0,13,0.3333333333333333,0.3333333333333333,3.6666666666666665,44
gaze_log_20250629_114211.csv,3,0.1202999750773112,0.18086004257202148,0,0,3,5.84793496131897,2.860454797744751,0,16,0.0,0.0,1.3333333333333333,62
gaze_log_20250629_112853.csv,7,0.08511567115783691,0.09685969352722168,1,4,2,8.155678351720175,5.615557164468562,0,82,0.2857142857142857,0.2857142857142857,3.0,50
gaze_log_20250627_132807.csv,7,0.1842942919049944,0.5270600318908691,3,1,3,11.238536675771078,8.594565865521194,0,45,0.0,0.0,4.285714285714286,49
gaze_log_20250628_163432.csv,38,0.12844604567477577,0.25,12,11,15,1.754949460158477,1.0044959719040925,18,472,0.07894736842105263,0.04155124653739613,4.7631578947368425,71
gaze_log_20250629_183353.csv,3,0.09223318099975586,0.11044979095458984,3,0,0,3.4226850271224976,1.5900448560714722,0,12,0.0,0.0,1.6666666666666667,46
gaze_log_20250629_130629.csv,29,0.11767478646903202,0.16742992401123047,9,7,13,2.5426671419824873,1.9529512669105733,6,109,0.10344827586206896,0.08204518430439953,4.068965517241379,60
gaze_log_20250628_120052.csv,23,0.1773443429366402,0.6682400703430176,10,6,7,3.225509535182606,2.141589152071646,3,34,0.043478260869565216,0.03780718336483932,4.086956521739131,55
gaze_log_20250629_150532.csv,9,0.1094100210401747,0.13924002647399902,2,3,4,7.772818744182587,2.3622607259320696,0,46,0.1111111111111111,0.1111111111111111,2.7777777777777777,55
gaze_log_20250628_165646.csv,12,0.19763582944869995,0.6373598575592041,6,2,4,6.485095435922796,4.220377668033789,0,276,0.16666666666666666,0.16666666666666666,3.75,58
gaze_log_20250629_183608.csv,34,0.1600632667541504,0.4583897590637207,13,5,16,2.1200242403781777,1.301587470644957,7,299,0.11764705882352941,0.09342560553633218,5.382352941176471,40
gaze_log_20250629_184359.csv,24,0.1298774778842926,0.20822978019714355,16,2,6,3.0061217390972637,3.0890327763285916,5,124,0.125,0.09895833333333333,2.2916666666666665,34
gaze_log_20250629_131440.csv,3,0.08773668607076009,0.0972299575805664,0,2,1,9.403825163841248,3.918005108833313,0,54,0.3333333333333333,0.3333333333333333,3.3333333333333335,70
gaze_log_20250628_115820.csv,9,0.1139922406938341,0.23599004745483398,1,1,7,7.7641575038433075,9.540135951728525,1,34,0.0,0.0,3.111111111111111,55
gaze_log_20250629_140246.csv,19,0.15485737198277524,0.3883800506591797,9,4,6,3.792408890194363,3.1978331961633053,3,100,0.10526315789473684,0.08864265927977838,4.421052631578948,54
gaze_log_20250628_113538.csv,14,0.1396556752068656,0.23606014251708984,8,3,3,4.778808465370765,3.151342553585352,0,35,0.07142857142857142,0.07142857142857142,2.357142857142857,49
gaze_log_20250628_161828.csv,5,0.14988012313842775,0.20801997184753418,5,0,0,5.437477469444275,5.238109185528326,1,559,0.2,0.16000000000000003,1.4,46
gaze_log_20250627_115104.csv,35,0.12626398631504604,0.20794987678527832,11,8,16,2.1418188249363617,1.079497845047535,6,74,0.17142857142857143,0.1420408163265306,3.857142857142857,66
gaze_log_20250628_105821.csv,22,0.21820860559290106,0.7639799118041992,9,3,10,2.8644680863335017,2.1585629156353603,4,75,0.0,0.0,2.9545454545454546,66
gaze_log_20250628_133940.csv,18,0.09085057841406928,0.11061978340148926,13,2,3,3.8261105874005485,4.737961566600886,2,81,0.16666666666666666,0.14814814814814814,3.3333333333333335,57
gaze_log_20250629_181224.csv,4,0.09711003303527832,0.11132001876831055,3,0,1,18.416826725006104,20.802246913416496,0,25,0.0,0.0,2.0,51
gaze_log_20250628_140951.csv,10,0.13596301078796386,0.32646989822387695,4,2,4,7.478658888075087,4.3768970591724825,0,142,0.2,0.2,4.5,46
gaze_log_20250627_163656.csv,17,0.09866007636575137,0.12515997886657715,12,1,4,4.313635632395744,4.274673801039598,4,138,0.11764705882352941,0.08996539792387542,3.823529411764706,51
gaze_log_20250629_175213.csv,39,0.22263174179272774,0.695310115814209,32,6,1,1.2884105255729275,2.004274517604366,32,1931,0.15384615384615385,0.02761341222879685,5.17948717948718,70
gaze_log_20250627_102445.csv,22,0.10781183026053688,0.1946399211883545,16,1,5,3.0608590557461692,5.377603085318908,9,124,0.13636363636363635,0.0805785123966942,2.909090909090909,61
gaze_log_20250629_123241.csv,9,0.20037452379862467,0.47170019149780273,3,3,3,5.304241240024567,3.7003440320945993,0,12,0.0,0.0,2.4444444444444446,64
gaze_log_20250628_114640.csv,8,0.13529878854751587,0.1943798065185547,5,2,1,9.077458586011614,9.334508026685821,0,50,0.125,0.125,2.25,34
gaze_log_20250628_143532.csv,4,0.08679753541946411,0.09681010246276855,2,1,1,13.65269660949707,11.499664916046719,0,74,0.0,0.0,3.25,71
gaze_log_20250628_161023.csv,8,0.1456451117992401,0.2501401901245117,3,1,4,9.414812871388026,6.956462290314547,0,54,0.125,0.125,4.75,48
gaze_log_20250627_141147.csv,12,0.10744841893513997,0.1804502010345459,6,2,4,6.231398192319003,5.463199795313099,0,169,0.0,0.0,2.75,56
gaze_log_20250627_143142.csv,14,0.09477218559810094,0.11089015007019043,8,2,4,5.315242308836717,4.584022293228603,1,41,0.14285714285714285,0.1326530612244898,3.142857142857143,61
gaze_log_20250629_144032.csv,3,0.08513665199279785,0.08884000778198242,0,2,1,8.998019933700562,0.2912600040435791,0,40,0.3333333333333333,0.3333333333333333,1.0,60
gaze_log_20250629_151359.csv,6,0.11588505903879802,0.125,1,0,5,10.545074033737183,10.954602014647442,0,99,0.0,0.0,3.6666666666666665,48
gaze_log_20250629_182833.csv,10,0.18626003265380858,0.3478097915649414,0,10,0,0.9663855499691434,1.4045430040373144,7,301,0.0,0.0,3.4,37
gaze_log_20250628_135207.csv,12,0.17265164852142334,0.5137598514556885,2,4,6,5.8802663846449414,6.0959538973255425,1,35,0.08333333333333333,0.07638888888888888,2.8333333333333335,41
gaze_log_20250628_114034.csv,5,0.10522198677062988,0.13833999633789062,5,0,0,5.33032500743866,4.129357466847068,0,54,0.2,0.2,5.2,58
gaze_log_20250628_161252.csv,11,0.14214541695334695,0.333359956741333,2,2,7,5.334907007217407,6.493602109931055,5,108,0.36363636363636365,0.1983471074380165,3.8181818181818183,55
gaze_log_20250629_123838.csv,5,0.12487802505493165,0.222059965133667,1,2,2,13.82756495475769,6.633592573173349,0,42,0.0,0.0,2.4,52
gaze_log_20250628_114424.csv,8,0.1993812918663025,0.7083001136779785,2,1,5,7.329485722950527,7.935265888137849,3,16,0.0,0.0,2.625,54
gaze_log_20250628_170820.csv,3,0.4151600201924642,0.9539198875427246,0,0,3,4.527135014533997,3.13764488697052,0,93,0.3333333333333333,0.3333333333333333,12.333333333333334,47
gaze_log_20250628_170613.csv,20,0.11284898519515991,0.16641998291015625,5,7,8,3.579064733103702,2.658981073567021,1,68,0.1,0.095,4.15,49
gaze_log_20250628_171243.csv,25,0.1672147750854492,0.30539989471435547,7,5,13,2.7865854104359946,2.146106471230325,3,1208,0.08,0.0704,4.72,72
gaze_log_20250629_103900.csv,8,0.5044712424278259,0.9863498210906982,3,1,4,9.02327571596418,6.542185052363601,0,1594,0.125,0.125,7.625,56
gaze_log_20250629_125119.csv,20,0.18963253498077393,0.7361400127410889,6,7,7,3.6389184123591374,4.342423093230526,6,144,0.05,0.034999999999999996,3.1,62
gaze_log_20250628_134326.csv,4,0.12086737155914307,0.16528987884521484,2,0,2,22.45909333229065,13.399151617166334,0,23,0.0,0.0,3.75,64
gaze_log_20250629_191443.csv,12,0.1730058789253235,0.6665000915527344,5,4,3,5.508937272158536,3.765845516832292,1,213,0.16666666666666666,0.15277777777777776,5.166666666666667,49
gaze_log_20250628_141208.csv,22,0.1743794788013805,0.6392099857330322,8,7,7,3.358638570422218,3.0239562761499945,3,55,0.13636363636363635,0.11776859504132231,3.6818181818181817,64
gaze_log_20250629_140542.csv,4,0.100705087184906,0.12493014335632324,3,0,1,13.491443316141764,8.943718498748074,0,21,0.0,0.0,3.75,35
gaze_log_20250628_171446.csv,10,0.13179705142974854,0.19384002685546875,3,4,3,5.797997792561849,8.008777965766898,0,55,0.0,0.0,2.9,55
gaze_log_20250629_134214.csv,3,0.27283334732055664,0.6385798454284668,1,2,0,16.44471502304077,8.582504987716675,0,75,0.0,0.0,5.666666666666667,43
gaze_log_20250629_153728.csv,7,0.16756425585065568,0.26332998275756836,1,1,5,8.192153334617615,11.20462979691618,2,137,0.42857142857142855,0.30612244897959184,6.142857142857143,43
gaze_log_20250627_113842.csv,17,0.12308530246510226,0.47202014923095703,10,3,4,4.3828125,4.3292538733651265,3,190,0.058823529411764705,0.04844290657439446,5.588235294117647,72
gaze_log_20250629_150802.csv,26,0.1369546468441303,0.39746999740600586,16,3,7,2.863982801437378,2.182915387002548,5,208,0.11538461538461539,0.09319526627218935,3.3461538461538463,63
gaze_log_20250627_120906.csv,5,0.105419921875,0.12533998489379883,2,1,2,13.778132498264313,9.070860078579555,0,97,0.2,0.2,3.0,48
gaze_log_20250627_170857.csv,3,0.5726900100708008,0.916100025177002,1,1,1,12.84867000579834,9.542500257492065,0,85,0.3333333333333333,0.3333333333333333,8.666666666666666,23
gaze_log_20250628_155452.csv,6,0.129433274269104,0.23541998863220215,1,1,4,10.35307002067566,7.118380593646295,0,33,0.0,0.0,3.5,48
gaze_log_20250629_115146.csv,4,0.09709519147872925,0.11080026626586914,1,1,2,18.431286652882893,9.25910857858258,0,22,0.0,0.0,2.25,62
gaze_log_20250626_150533.csv,28,0.0986646328653608,0.1849198341369629,8,1,19,2.7323003786581532,3.6057912652634556,12,120,0.03571428571428571,0.02040816326530612,3.7142857142857144,75
gaze_log_20250629_135651.csv,10,0.1651170253753662,0.6388499736785889,0,2,8,4.208701107237074,3.526061745792327,0,59,0.1,0.1,2.7,44
gaze_log_20250628_151750.csv,6,0.11076001326243083,0.15191006660461426,4,1,1,10.736700010299682,8.405544263655655,0,36,0.3333333333333333,0.3333333333333333,3.6666666666666665,57
gaze_log_20250628_164927.csv,48,0.12045563260714214,0.26409006118774414,25,8,15,1.5257646783869316,1.1579934186043097,28,204,0.08333333333333333,0.03472222222222222,3.3958333333333335,65
gaze_log_20250627_172117.csv,5,0.12464790344238282,0.20865988731384277,2,0,3,13.912742495536804,11.263477757171882,0,38,0.4,0.4,0.0,2
gaze_log_20250629_121634.csv,5,0.12180395126342773,0.23580002784729004,3,1,1,15.826810002326965,11.729629283102707,0,35,0.0,0.0,4.4,74
gaze_log_20250628_133658.csv,6,0.15260004997253418,0.4165198802947998,2,1,3,8.983554029464722,5.587257453589275,0,41,0.0,0.0,3.0,61
gaze_log_20250629_185223.csv,4,0.0863150954246521,0.0970301628112793,0,1,3,10.273463328679403,4.9464972168067165,0,92,0.25,0.25,3.75,57
gaze_log_20250627_111711.csv,40,0.10447125434875489,0.17149996757507324,13,15,12,1.8921130742782202,1.7953764078716683,18,120,0.175,0.09625,3.8,47
gaze_log_20250629_122739.csv,41,0.18476024488123452,0.45786023139953613,16,10,15,1.8629122495651245,1.0036473634553673,17,213,0.04878048780487805,0.028554431885782276,5.463414634146342,52
gaze_log_20250628_140715.csv,16,0.08918310701847076,0.11090993881225586,6,1,9,4.100177335739136,4.834983870309023,2,146,0.0,0.0,3.3125,55
gaze_log_20250626_161310.csv,9,0.14187569088406032,0.3749203681945801,4,2,3,6.468683749437332,4.021121707145383,0,38,0.1111111111111111,0.1111111111111111,3.5555555555555554,32
gaze_log_20250629_185544.csv,9,0.11805889341566297,0.30580973625183105,3,1,5,8.050693720579147,5.217783748074987,0,60,0.1111111111111111,0.1111111111111111,2.7777777777777777,54
gaze_log_20250628_110447.csv,26,0.11392575960892898,0.3196899890899658,4,5,17,2.2040303993225097,2.04253308033051,11,100,0.07692307692307693,0.04437869822485207,3.230769230769231,52
gaze_log_20250629_154645.csv,43,0.13320929505104243,0.291179895401001,8,9,26,1.5671352375121343,1.4686059237640061,27,374,0.06976744186046512,0.025959978366684695,5.953488372093023,59
gaze_log_20250629_142741.csv,19,0.09491473750064247,0.1382899284362793,8,5,6,3.4313405487272473,3.277203837973114,3,806,0.10526315789473684,0.08864265927977838,2.6315789473684212,39
gaze_log_20250628_143802.csv,3,0.09264667828877766,0.11132001876831055,1,1,1,23.814064979553223,5.282395124435425,0,27,0.0,0.0,3.3333333333333335,59
gaze_log_20250628_122754.csv,10,0.11505603790283203,0.1940300464630127,5,0,5,18.951247771581013,35.68813565843354,1,553,0.0,0.0,2.9,86
gaze_log_20250627_134816.csv,32,0.11911997199058533,0.1944599151611328,19,4,9,2.1820458058388,1.4791340673528592,9,90,0.09375,0.0673828125,4.28125,57
gaze_log_20250628_163905.csv,6,0.11097828547159831,0.19443988800048828,4,0,2,8.822624015808106,7.027124328527298,0,47,0.0,0.0,3.5,54
gaze_log_20250628_115307.csv,28,0.16452746731894358,0.4165799617767334,8,6,14,2.4934207421761974,1.9416082227935194,8,46,0.03571428571428571,0.025510204081632654,4.107142857142857,66
gaze_log_20250627_183338.csv,5,0.1924980640411377,0.4723501205444336,1,2,2,9.79158502817154,7.383800649887451,0,113,0.2,0.2,4.0,68
gaze_log_20250629_115633.csv,17,0.1076811622170841,0.3192896842956543,7,3,7,4.189343750476837,2.7354952609059655,1,64,0.058823529411764705,0.05536332179930796,2.588235294117647,56
gaze_log_20250627_121439.csv,5,0.09152188301086425,0.11103987693786621,2,1,2,10.54126250743866,4.98688810803448,0,102,0.0,0.0,5.2,22
gaze_log_20250629_152021.csv,10,0.09826898574829102,0.12492990493774414,6,0,4,5.441369983885023,7.173710547230385,2,93,0.0,0.0,4.5,61
gaze_log_20250629_181721.csv,13,0.13639228160564715,0.2762598991394043,5,2,6,5.83583668867747,5.245158361321237,1,65,0.07692307692307693,0.07100591715976332,3.1538461538461537,57
gaze_log_20250629_145011.csv,6,0.0877917210261027,0.09706997871398926,3,1,2,10.43099398612976,9.103729727963765,1,44,0.0,0.0,3.1666666666666665,62
gaze_log_20250629_133018.csv,21,0.09047957829066686,0.11114025115966797,6,5,10,3.3958755016326903,2.08202920235686,2,95,0.19047619047619047,0.17233560090702946,3.1904761904761907,54
gaze_log_20250629_175515.csv,42,0.33352974482945036,0.9867501258850098,11,13,18,1.752090977459419,2.1643263810317332,23,3096,0.19047619047619047,0.08616780045351473,5.142857142857143,61
gaze_log_20250629_132110.csv,12,0.09595662355422974,0.13908028602600098,3,2,7,5.785590908744118,4.313431106492986,2,110,0.16666666666666666,0.1388888888888889,3.75,57
gaze_log_20250627_134154.csv,4,0.10047996044158936,0.12476992607116699,2,0,2,23.477619965871174,15.552852078041616,0,28,0.0,0.0,3.25,48
gaze_log_20250629_144723.csv,3,0.0832834243774414,0.08332014083862305,1,1,1,16.84793496131897,2.959285020828247,0,24,0.0,0.0,4.0,58
gaze_log_20250627_140155.csv,5,0.14697999954223634,0.20814013481140137,2,0,3,9.229210019111633,10.25424662008416,0,9,0.0,0.0,2.8,50
gaze_log_20250628_163712.csv,7,0.1447343145098005,0.22180986404418945,3,2,2,10.622916658719381,10.908578542337372,0,130,0.0,0.0,3.2857142857142856,56
gaze_log_20250627_103246.csv,16,0.08841870725154877,0.12428975105285645,9,3,4,4.30543867746989,5.789831676522961,2,191,0.0,0.0,5.125,65
gaze_log_20250628_132824.csv,41,0.23454075324826124,0.7922401428222656,14,11,16,1.8285217523574828,1.1679427316908046,15,168,0.14634146341463414,0.09280190362879238,4.7317073170731705,31
gaze_log_20250628_164337.csv,31,0.10605255250007875,0.1526198387145996,10,3,18,2.3727796634038287,2.0452115785453637,10,230,0.06451612903225806,0.043704474505723206,5.064516129032258,64
gaze_log_20250628_130014.csv,67,0.15556615146238412,0.3055601119995117,30,12,25,1.1252515099265359,0.7055255977802,56,330,0.08955223880597014,0.01470260637112943,5.597014925373134,62
gaze_log_20250629_153440.csv,23,0.10854221426922342,0.24993014335632324,4,9,10,2.8082231933420356,2.5761884662768306,10,196,0.13043478260869565,0.07372400756143668,3.3043478260869565,64
gaze_log_20250629_121940.csv,8,0.13176247477531433,0.24934005737304688,1,3,4,9.444897140775408,7.441919203898924,0,37,0.0,0.0,2.5,32
gaze_log_20250629_124144.csv,4,0.20469248294830322,0.2775700092315674,1,1,2,17.394453366597492,14.260257123007001,0,25,0.0,0.0,3.0,65
gaze_log_20250629_182556.csv,29,0.09591202900327485,0.15282988548278809,12,7,10,2.38500714302063,1.6156563282720227,6,146,0.10344827586206896,0.08204518430439953,2.2758620689655173,65
gaze_log_20250629_134800.csv,25,0.49692400932312014,0.9170401096343994,16,4,5,3.1030454138914743,3.436265044444323,7,2108,0.0,0.0,8.08,59
gaze_log_20250629_133941.csv,3,0.11555345853169759,0.180070161819458,1,1,1,30.014439940452576,11.085969805717468,0,59,0.3333333333333333,0.3333333333333333,3.3333333333333335,59
gaze_log_20250627_144326.csv,7,0.13706292424883162,0.3191802501678467,3,2,2,8.703891634941101,5.030146042319067,0,32,0.14285714285714285,0.14285714285714285,4.285714285714286,50
gaze_log_20250628_122940.csv,5,0.08612589836120606,0.09719038009643555,3,1,1,9.639280021190643,6.846263927053504,0,33,0.2,0.2,2.2,58
gaze_log_20250627_123744.csv,9,0.08465112580193414,0.09709000587463379,4,1,4,8.158104985952377,6.289638689630007,0,51,0.0,0.0,3.0,55
gaze_log_20250628_125803.csv,3,0.09151665369669597,0.09686994552612305,1,2,0,8.848909854888916,3.036790132522583,0,26,0.3333333333333333,0.3333333333333333,1.6666666666666667,57
gaze_log_20250627_135456.csv,3,0.24415667851765951,0.4273700714111328,2,0,1,31.08303987979889,24.510889887809753,0,73,0.0,0.0,7.0,56
gaze_log_20250629_122522.csv,25,0.11876480102539062,0.4305300712585449,6,7,12,2.625720818837484,2.537493613708209,5,86,0.08,0.064,3.0,65
gaze_log_20250629_184118.csv,11,0.09343825687061656,0.15299010276794434,0,4,7,3.764309024810791,2.165513199530053,0,83,0.0,0.0,3.272727272727273,42
gaze_log_20250628_153348.csv,62,0.10680580523706251,0.33212995529174805,26,9,27,1.201531316413254,1.1357069569352245,45,81,0.08064516129032258,0.022112382934443287,2.935483870967742,72
gaze_log_20250629_113847.csv,54,0.20268595218658447,0.9861102104187012,13,13,28,1.3784564126212642,1.5706905403314046,36,4165,0.018518518518518517,0.00617283950617284,4.074074074074074,26
gaze_log_20250627_183652.csv,18,0.111686110496521,0.26353001594543457,7,3,8,3.8310229357551124,2.3493823494654458,0,78,0.1111111111111111,0.1111111111111111,4.222222222222222,62
gaze_log_20250627_113533.csv,8,0.3075062036514282,0.9444198608398438,5,2,1,6.519608565739223,8.725849530736186,0,141,0.125,0.125,8.375,52
gaze_log_20250627_164036.csv,30,0.1085803190867106,0.18050003051757812,12,7,11,2.5234882749360183,1.8192123197182475,8,69,0.1,0.07333333333333335,3.3333333333333335,51
gaze_log_20250627_174209.csv,3,0.1629632314046224,0.2807197570800781,1,1,1,19.514599919319153,14.348590016365051,0,16,0.3333333333333333,0.3333333333333333,3.6666666666666665,52
gaze_log_20250627_115813.csv,8,0.14187747240066528,0.23607993125915527,4,4,0,4.916827167783465,3.140360693293501,1,108,0.125,0.109375,3.5,66
gaze_log_20250628_111745.csv,3,0.08768661816914876,0.09686994552612305,2,0,1,21.632060050964355,0.7009599208831787,0,41,0.0,0.0,4.333333333333333,42
gaze_log_20250629_193306.csv,5,0.13719406127929687,0.2081899642944336,1,1,3,14.118975043296814,5.424742105079821,0,29,0.2,0.2,5.0,53
gaze_log_20250628_150255.csv,27,0.10931147469414605,0.1658802032470703,11,5,11,2.5840311508912306,2.3901405858535787,10,109,0.07407407407407407,0.04663923182441701,2.925925925925926,50
gaze_log_20250628_161506.csv,9,0.2528834078047011,0.49975013732910156,4,1,4,8.595888763666153,4.304954362793759,0,193,0.0,0.0,5.888888888888889,53
gaze_log_20250628_135745.csv,20,0.10683099031448365,0.1808302402496338,12,2,6,3.5227773691478528,2.9667797027440024,4,204,0.1,0.08000000000000002,3.05,51
gaze_log_20250628_142526.csv,18,0.14413662751515707,0.48602986335754395,3,4,11,3.665225295459523,2.862214421016683,2,88,0.0,0.0,2.2222222222222223,49
gaze_log_20250628_142254.csv,20,0.12973695993423462,0.38844990730285645,7,2,11,3.8299194762581275,3.3212026522279725,2,170,0.05,0.045000000000000005,4.15,54
gaze_log_20250629_180743.csv,47,0.15458212507532,0.2757401466369629,20,11,16,1.5139534784399944,0.7254846151167299,24,115,0.0851063829787234,0.04164780443639656,3.893617021276596,56
gaze_log_20250629_114650.csv,20,0.15625301599502564,0.805959939956665,4,5,11,3.1352742094742623,2.588791993893662,2,142,0.15,0.135,3.1,60
gaze_log_20250629_180025.csv,38,0.18215108545202957,0.6385200023651123,13,11,14,1.636372707985543,1.5125640581437565,18,473,0.13157894736842105,0.06925207756232687,2.736842105263158,70
gaze_log_20250628_111426.csv,31,0.1476319759122787,0.3052101135253906,11,6,14,2.372726003328959,2.494143270021267,11,225,0.12903225806451613,0.08324661810613944,3.6451612903225805,62
gaze_log_20250627_182952.csv,4,0.15546995401382446,0.2777099609375,0,1,3,5.438923358917236,3.420727490274658,0,122,0.25,0.25,3.75,35
gaze_log_20250629_125855.csv,4,0.11797749996185303,0.1386399269104004,4,0,0,3.240363279978434,2.1542313174530463,0,53,0.25,0.25,3.5,67
gaze_log_20250628_154434.csv,17,0.09882351931403666,0.1944899559020996,8,2,7,4.282220005989075,2.67023617147212,0,281,0.11764705882352941,0.11764705882352941,3.0588235294117645,46
gaze_log_20250629_183843.csv,15,0.08878397941589355,0.09721994400024414,4,3,8,4.927722130502973,4.661009698728561,4,95,0.06666666666666667,0.04888888888888889,2.2,58
gaze_log_20250629_140834.csv,56,0.26848570363862173,0.9031398296356201,26,10,20,1.2745407277887517,1.1749795144376087,41,1130,0.14285714285714285,0.03826530612244899,3.2857142857142856,31
gaze_log_20250627_135109.csv,18,0.1190461450152927,0.15303993225097656,7,4,7,4.103961187250474,3.0863976635552093,2,34,0.05555555555555555,0.04938271604938271,3.5555555555555554,55
gaze_log_20250628_171851.csv,3,0.10166994730631511,0.12451982498168945,1,1,1,34.522255063056946,5.869585156440735,0,19,0.0,0.0,3.6666666666666665,57
gaze_log_20250629_124753.csv,3,0.10174671808878581,0.12463998794555664,1,1,1,24.139625072479248,7.817924976348877,0,132,0.0,0.0,4.0,59
gaze_log_20250628_152534.csv,13,0.08633230282710148,0.09714984893798828,6,0,7,5.5232625007629395,8.21741391347411,2,187,0.0,0.0,4.0,52
gaze_log_20250629_181439.csv,75,0.14105079650878907,0.38865017890930176,34,16,25,0.9915604043651272,0.7378812190829485,60,462,0.10666666666666667,0.02133333333333333,2.6,24
gaze_log_20250628_162321.csv,7,0.09505997385297503,0.11091017723083496,1,0,6,10.29912002881368,15.234619133198246,0,53,0.0,0.0,3.5714285714285716,52
gaze_log_20250628_131037.csv,14,0.15170070103236608,0.29159998893737793,4,7,3,4.926401541783259,5.103105190163865,1,48,0.07142857142857142,0.0663265306122449,3.7142857142857144,35
gaze_log_20250629_180243.csv,4,0.0865476131439209,0.0970001220703125,3,1,0,11.065829992294312,7.761401649252568,0,14,0.0,0.0,2.25,64
gaze_log_20250628_163215.csv,8,0.1093887984752655,0.1388401985168457,3,1,4,9.865448611123222,5.137947722446814,0,72,0.0,0.0,4.25,46
gaze_log_20250627_144026.csv,4,0.08599996566772461,0.09466004371643066,1,1,2,12.866820017496744,4.085179569532955,0,43,0.25,0.25,2.0,40
gaze_log_20250629_135956.csv,16,0.13955001533031464,0.48628997802734375,4,4,8,4.489057985941569,4.783011523400698,1,96,0.0,0.0,4.1875,63
gaze_log_20250628_110827.csv,19,0.1227515371222245,0.27891993522644043,6,2,11,3.402841673956977,3.4468983141275795,4,125,0.10526315789473684,0.08310249307479224,3.526315789473684,57
gaze_log_20250628_112214.csv,17,0.09223880487329819,0.11179018020629883,8,5,4,4.525430008769035,3.482785666337084,1,35,0.058823529411764705,0.05536332179930796,2.588235294117647,53
gaze_log_20250629_135348.csv,5,0.09434399604797364,0.09730982780456543,1,4,0,4.465385019779205,2.029802279494608,0,39,0.0,0.0,4.2,62
gaze_log_20250627_171856.csv,5,0.09723601341247559,0.11212968826293945,2,2,1,9.836484968662262,7.592581610364564,0,60,0.2,0.2,4.2,61
gaze_log_20250628_135522.csv,9,0.2153510782453749,0.41581010818481445,0,3,6,4.600882530212402,4.106604360274066,0,26,0.2222222222222222,0.2222222222222222,4.444444444444445,29
gaze_log_20250628_170056.csv,10,0.12771193981170653,0.18039989471435547,2,7,1,3.814824448691474,6.837886036484764,5,110,0.0,0.0,3.8,64
gaze_log_20250628_153128.csv,24,0.12598749001820883,0.2911202907562256,10,8,6,3.113633922908617,2.48714429872865,3,139,0.0,0.0,3.0833333333333335,44
gaze_log_20250628_134616.csv,8,0.09890997409820557,0.12495994567871094,4,2,2,8.787942852292742,5.171885215092673,0,82,0.0,0.0,4.0,67
gaze_log_20250628_141712.csv,34,0.10682999386506922,0.30539989471435547,17,6,11,2.169308178352587,1.7462621980759192,8,272,0.17647058823529413,0.13494809688581313,3.9705882352941178,68
gaze_log_20250629_154944.csv,5,0.13599605560302735,0.22189974784851074,3,1,1,7.145685017108917,4.257611963976669,0,45,0.4,0.4,4.0,50
gaze_log_20250628_171028.csv,16,0.11279495060443878,0.29138994216918945,14,1,1,4.477900664011638,7.04159054789623,6,407,0.0,0.0,3.875,56
gaze_log_20250627_171511.csv,15,0.12124195098876953,0.19426989555358887,5,2,8,4.324477144650051,2.2580773692919514,0,38,0.26666666666666666,0.26666666666666666,3.7333333333333334,46
gaze_log_20250629_133458.csv,6,0.09230498472849528,0.11107993125915527,3,2,1,9.567154026031494,3.026568797554901,0,21,0.0,0.0,2.6666666666666665,52
gaze_log_20250627_140929.csv,5,0.4528339862823486,0.9583902359008789,1,0,4,12.69168496131897,13.801599202245693,0,125,0.0,0.0,5.4,66
gaze_log_20250627_142858.csv,18,0.12712830967373318,0.20847010612487793,2,10,6,2.929001766092637,3.9148023179158487,7,197,0.05555555555555555,0.033950617283950615,5.777777777777778,43
gaze_log_20250629_143424.csv,14,0.4673293147768293,0.9861202239990234,8,5,1,4.677428465623122,6.878201563749259,4,4874,0.07142857142857142,0.05102040816326531,9.071428571428571,71
gaze_log_20250628_165855.csv,35,0.15665689877101352,0.7916197776794434,16,3,16,2.0380676423802093,2.332544969468651,21,282,0.05714285714285714,0.022857142857142857,4.0285714285714285,61
gaze_log_20250628_165138.csv,8,0.11954626441001892,0.24991989135742188,5,2,1,6.126978601728167,4.775044821756707,0,277,0.125,0.125,4.0,68
gaze_log_20250629_113559.csv,16,0.1751805990934372,0.6387901306152344,9,4,3,4.637214024861653,2.8103602990437526,0,89,0.1875,0.1875,2.125,33
gaze_log_20250629_142514.csv,33,0.10150093743295381,0.16619014739990234,17,8,8,2.230124369263649,1.609641058539364,10,274,0.06060606060606061,0.042240587695133155,4.606060606060606,52
gaze_log_20250628_164144.csv,12,0.19991914431254068,0.4166102409362793,4,3,5,6.002716389569369,3.7139200359260096,0,29,0.08333333333333333,0.08333333333333333,4.166666666666667,56
gaze_log_20250627_143559.csv,12,0.11575671037038167,0.2637500762939453,7,1,4,6.772875460711393,6.805868602858991,3,97,0.0,0.0,1.8333333333333333,60
gaze_log_20250628_153924.csv,13,0.1162100571852464,0.15261006355285645,4,3,6,5.818561653296153,5.087267973398532,0,45,0.0,0.0,4.076923076923077,59
gaze_log_20250627_141428.csv,9,0.11723449495103624,0.23571038246154785,4,3,2,8.429133772850037,8.193227295630003,0,56,0.2222222222222222,0.2222222222222222,3.0,58
gaze_log_20250629_120353.csv,34,0.15137851939481847,0.2634601593017578,17,9,8,2.0787445415150034,1.4303397065343322,12,128,0.058823529411764705,0.038062283737024215,4.205882352941177,42
gaze_log_20250628_172257.csv,13,0.1578977841597337,0.41667985916137695,5,2,6,6.038368324438731,4.792545390647535,0,21,0.15384615384615385,0.15384615384615385,3.923076923076923,37
gaze_log_20250629_124445.csv,10,0.09857101440429687,0.13871026039123535,7,1,2,6.011097802056207,3.1421616377903274,0,42,0.2,0.2,3.3,50
gaze_log_20250629_150307.csv,12,0.14118993282318115,0.2638401985168457,1,2,9,4.811998172239824,4.453671205917974,2,145,0.0,0.0,5.833333333333333,62
gaze_log_20250629_112254.csv,25,0.20219558715820313,0.5972802639007568,15,4,6,2.4120437502861023,2.7311980837233727,10,498,0.2,0.12,4.36,68
gaze_log_20250628_141927.csv,17,0.10599582335528206,0.15240001678466797,4,4,9,4.292736262083054,3.2989373992264324,0,115,0.0,0.0,3.588235294117647,52
gaze_log_20250629_182243.csv,5,0.25542197227478025,0.2916300296783447,3,0,2,15.409749984741211,6.683760176215871,0,21,0.0,0.0,3.8,27
gaze_log_20250629_184626.csv,21,0.22140477952503024,0.5552797317504883,6,8,7,3.2042225122451784,3.3982179385613427,5,608,0.09523809523809523,0.07256235827664398,1.9047619047619047,61
gaze_log_20250628_140032.csv,12,0.11790913343429565,0.18043994903564453,3,3,6,4.636514555324208,2.8454657309313793,0,44,0.0,0.0,3.5833333333333335,51
gaze_log_20250629_122208.csv,29,0.2738207044272587,0.9864299297332764,8,9,12,2.336426786014012,2.7340498093654753,15,1066,0.034482758620689655,0.016646848989298454,2.0,45
gaze_log_20250629_141143.csv,13,0.3639546357668363,0.9444200992584229,8,4,1,5.398240824540456,6.286693778275821,1,42,0.07692307692307693,0.07100591715976332,4.153846153846154,69
